Date,Day,Djibo data,Djibo data_normalized,Mentao data,Mentao data_normalized,Dori data,Dori data_normalized,Damba data,Damba data_normalized,Fassala data,Fassala data_normalized,Niamey data,Niamey data_normalized,Abala data,Abala data_normalized,Mangaize data,Mangaize data_normalized,Ayorou data,Ayorou data_normalized,Tahoua data,Tahoua data_normalized,sum_of_values,sum_of_values_normalized
2022-09-01,0,2278,0,8506,1,7023,1,4362,1,9983,2,36316,6,21156,4,5536,1,11281,2,12481,2,118922,21
2022-09-02,1,2285,4,8508,15,7017,12,4382,8,10563,18,36346,64,21208,37,5557,10,11271,20,12025,21,119162,208
2022-09-03,2,2293,0,8511,0,7012,0,4402,0,11143,0,36377,0,21260,0,5579,0,11261,0,11570,0,119408,0
2022-09-04,3,2301,2,8514,8,7006,6,4422,4,11166,10,36408,33,21312,19,5601,5,11251,10,11682,11,119663,109
2022-09-05,4,2309,3,8517,13,7001,10,4442,7,11189,17,36439,54,21419,32,5623,8,11241,17,11801,17,119981,177
2022-09-06,5,2317,5,8520,19,7134,16,4462,10,11213,25,36470,81,21526,48,5645,13,11232,25,11861,26,120380,269
2022-09-07,6,2325,6,8611,24,7166,20,4402,12,11385,31,36501,100,21732,59,5667,15,11201,31,11921,33,120911,330
2022-09-08,7,2337,4,8618,16,7199,13,4446,8,11501,21,36536,68,21901,41,5692,11,11223,21,11981,22,121434,225
2022-09-09,8,2350,4,8626,15,7218,13,4490,8,11563,20,36572,65,21969,39,5717,10,11246,20,11683,21,121434,215
2022-09-10,9,2363,3,8634,12,7237,10,4534,6,11625,16,36607,50,22037,30,5742,8,11246,15,11386,15,121411,165
2022-09-11,10,2376,7,8673,25,7256,21,4578,13,11688,33,36643,105,22105,63,5768,17,11246,32,11089,32,121422,348
2022-09-12,11,2376,13,8673,46,7256,38,4571,24,11688,62,36643,194,22176,118,5768,31,11246,60,11089,59,121486,644
2022-09-13,12,2376,5,8673,17,7256,14,4565,9,11688,23,36643,71,22247,43,5768,11,11246,22,11089,21,121551,236
2022-09-14,13,2376,14,8673,51,7256,43,4559,27,11688,69,36643,216,22318,132,5768,34,11246,66,11089,65,121616,718
2022-09-15,14,2376,9,8673,31,7256,26,4559,16,11688,42,36643,131,22318,80,5768,21,11246,40,11089,40,121616,436
2022-09-16,15,2376,9,8673,33,7256,28,4559,17,11688,44,36643,139,22318,85,5768,22,11246,43,11089,42,121616,462
2022-09-17,16,2376,9,8673,32,7256,27,4559,17,11688,43,36643,135,22318,82,5768,21,11246,41,11089,41,121616,447
2022-09-18,17,2376,11,8673,39,7256,33,4559,21,11688,53,36643,166,22318,101,5768,26,11246,51,11089,50,121616,550
2022-09-19,18,2376,12,8673,44,7256,37,4559,23,11688,59,36643,186,22318,113,5768,29,11246,57,11089,56,121616,618
2022-09-20,19,2376,14,8673,52,7256,44,4559,28,11688,71,36643,221,22318,135,5768,35,11246,68,11089,67,121616,734
2022-09-21,20,2376,22,8673,81,7256,67,4559,42,11688,109,36643,341,22318,207,5768,54,11246,105,11089,103,121616,1130
2022-09-22,21,2376,17,8673,62,7256,52,4559,33,11688,84,36643,262,22318,159,5768,41,11246,80,11089,79,121616,869
2022-09-23,22,2376,26,8673,94,7256,79,4559,50,11688,127,36643,398,22318,243,5768,63,11246,122,11089,121,121616,1322
2022-09-24,23,2376,13,8673,47,7256,39,4559,25,11688,63,36643,198,22318,121,5768,31,11246,61,11089,60,121616,657
2022-09-25,24,2376,16,8673,58,7256,48,4559,30,11688,78,36643,243,22318,148,5768,38,11246,75,11089,74,121616,808
2022-09-26,25,2376,28,8673,103,7256,86,4559,54,11688,139,36643,434,22318,265,5768,68,11246,133,11089,131,121616,1442
2022-09-27,26,2376,27,8673,100,7256,83,4559,52,11688,134,36643,421,22318,256,5768,66,11246,129,11089,127,121616,1396
2022-09-28,27,2376,13,8673,47,7256,39,4559,25,11688,63,36643,199,22318,121,5768,31,11246,61,11089,60,121616,660
2022-09-29,28,2376,25,8673,91,7256,76,4559,48,11688,122,36643,384,22318,234,5768,60,11246,118,11089,116,121616,1274
2022-09-30,29,2376,27,8673,100,7256,83,4559,52,11688,134,36643,422,22318,257,5768,66,11246,129,11089,128,121616,1399
2022-10-01,30,2376,22,8673,80,7256,67,4559,42,11688,108,36643,339,22318,207,5768,53,11246,104,11089,103,121616,1127
2022-10-02,31,2376,28,8673,102,7256,85,4559,53,11688,137,36643,430,22318,262,5768,68,11246,132,11089,130,121616,1426
2022-10-03,32,2376,23,8673,85,7256,71,4559,45,11688,115,36643,361,22318,220,5768,57,11246,111,11089,109,121616,1197
2022-10-04,33,2376,27,8673,97,7256,81,4559,51,11688,131,36643,409,22318,249,5768,64,11246,126,11089,124,121616,1358
2022-10-05,34,2376,28,8673,102,7256,85,4559,53,11688,137,36643,429,22318,261,5768,68,11246,132,11089,130,121616,1424
2022-10-06,35,2376,35,8673,126,7256,105,4559,66,11688,170,36643,533,22318,324,5768,84,11246,163,11089,161,121616,1768
2022-10-07,36,2376,34,8673,126,7256,105,4559,66,11688,170,36643,532,22318,324,5768,84,11246,163,11089,161,121616,1765
2022-10-08,37,2376,29,8673,105,7256,88,4559,55,11688,142,36643,444,22318,270,5768,70,11246,136,11089,134,121616,1473
2022-10-09,38,2376,41,8673,151,7256,126,4559,79,11688,204,36643,639,22318,389,5768,101,11246,196,11089,193,121616,2120
2022-10-10,39,2376,46,8673,168,7256,141,4559,88,11688,227,36643,710,22318,433,5768,112,11246,218,11089,215,121616,2358
2022-10-11,40,2376,29,8673,106,7256,89,4559,56,11688,143,36643,447,22318,272,5768,70,11246,137,11089,135,121616,1484
2022-10-12,41,2376,31,8673,113,7256,95,4559,59,11688,152,36643,478,22318,291,5768,75,11246,147,11089,145,121616,1585
2022-10-13,42,2376,35,8673,126,7256,106,4559,66,11688,170,36643,533,22318,325,5768,84,11246,164,11089,161,121616,1769
2022-10-14,43,2376,39,8673,143,7256,119,4559,75,11688,192,36643,603,22318,368,5768,95,11246,185,11089,183,121616,2003
2022-10-15,44,2376,39,8673,144,7256,120,4559,76,11688,194,36643,607,22318,370,5768,96,11246,186,11089,184,121616,2015
2022-10-16,45,2376,40,8673,148,7256,124,4559,78,11688,199,36643,624,22318,380,5768,98,11246,192,11089,189,121616,2072
2022-10-17,46,2376,46,8673,168,7256,140,4559,88,11688,226,36643,709,22318,432,5768,112,11246,218,11089,215,121616,2353
2022-10-18,47,2376,48,8673,175,7256,146,4559,92,11688,235,36643,737,22318,449,5768,116,11246,226,11089,223,121616,2447
2022-10-19,48,2376,44,8673,160,7256,134,4559,84,11688,216,36643,678,22318,413,5768,107,11246,208,11089,205,121616,2249
2022-10-20,49,2376,51,8673,185,7256,154,4559,97,11688,249,36643,780,22318,475,5768,123,11246,239,11089,236,121616,2589
2022-10-21,50,2376,57,8673,206,7256,173,4559,109,11688,278,36643,872,22318,531,5768,137,11246,268,11089,264,121616,2895
2022-10-22,51,2376,62,8673,228,7256,190,4559,120,11688,307,36643,962,22318,586,5768,151,11246,295,11089,291,121616,3192
2022-10-23,52,2376,42,8673,152,7256,127,4559,80,11688,205,36643,644,22318,392,5768,101,11246,198,11089,195,121616,2136
2022-10-24,53,2376,55,8673,201,7256,168,4559,106,11688,271,36643,849,22318,517,5768,134,11246,260,11089,257,121616,2817
2022-10-25,54,2376,45,8673,164,7256,138,4559,86,11688,222,36643,695,22318,423,5768,109,11246,213,11089,210,121616,2305
2022-10-26,55,2376,53,8673,194,7256,162,4559,102,11688,262,36643,820,22318,500,5768,129,11246,252,11089,248,121616,2723
2022-10-27,56,2376,44,8673,160,7256,134,4559,84,11688,215,36643,675,22318,411,5768,106,11246,207,11089,204,121616,2241
2022-10-28,57,2376,54,8673,199,7256,166,4559,105,11688,268,36643,840,22318,512,5768,132,11246,258,11089,254,121616,2789
2022-10-29,58,2376,56,8673,206,7256,172,4559,108,11688,277,36643,869,22318,530,5768,137,11246,267,11089,263,121616,2885
2022-10-30,59,2376,56,8673,204,7256,170,4559,107,11688,274,36643,860,22318,524,5768,135,11246,264,11089,260,121616,2854
2022-10-31,60,2376,69,8673,251,7256,210,4559,132,11688,339,36643,1062,22318,647,5768,167,11246,326,11089,321,121616,3525
2022-11-01,61,2376,62,8673,227,7256,190,4559,119,11688,306,36643,959,22318,584,5768,151,11246,294,11089,290,121616,3184
2022-11-02,62,2376,62,8673,227,7256,190,4559,120,11688,307,36643,961,22318,585,5768,151,11246,295,11089,291,121616,3190
2022-11-03,63,2376,69,8673,251,7256,210,4559,132,11688,338,36643,1061,22318,646,5768,167,11246,326,11089,321,121616,3522
2022-11-04,64,2376,61,8673,224,7256,187,4559,118,11688,302,36643,946,22318,576,5768,149,11246,290,11089,286,121616,3139
2022-11-05,65,2376,64,8673,233,7256,195,4559,122,11688,313,36643,983,22318,598,5768,155,11246,302,11089,297,121616,3261
2022-11-06,66,2376,68,8673,249,7256,208,4559,131,11688,335,36643,1051,22318,640,5768,165,11246,323,11089,318,121616,3488
2022-11-07,67,2376,66,8673,241,7256,202,4559,127,11688,325,36643,1020,22318,621,5768,160,11246,313,11089,309,121616,3384
2022-11-08,68,2376,71,8673,261,7256,218,4559,137,11688,352,36643,1102,22318,671,5768,174,11246,338,11089,334,121616,3659
2022-11-09,69,2376,75,8673,275,7256,230,4559,145,11688,371,36643,1162,22318,707,5768,183,11246,356,11089,352,121616,3855
2022-11-10,70,2376,70,8673,256,7256,214,4559,135,11688,345,36643,1083,22318,660,5768,170,11246,332,11089,328,121616,3595
2022-11-11,71,2376,74,8673,269,7256,225,4559,141,11688,363,36643,1137,22318,693,5768,179,11246,349,11089,344,121616,3775
2022-11-12,72,2376,79,8673,288,7256,241,4559,151,11688,388,36643,1217,22318,741,5768,191,11246,373,11089,368,121616,4038
2022-11-13,73,2376,90,8673,330,7256,276,4559,174,11688,445,36643,1395,22318,850,5768,220,11246,428,11089,422,121616,4630
2022-11-14,74,2376,85,8673,311,7256,260,4559,164,11688,419,36643,1315,22318,801,5768,207,11246,403,11089,398,121616,4363
2022-11-15,75,2376,87,8673,317,7256,265,4559,167,11688,427,36643,1339,22318,815,5768,211,11246,411,11089,405,121616,4443
2022-11-16,76,2376,80,8673,294,7256,246,4559,154,11688,396,36643,1241,22318,756,5768,195,11246,381,11089,376,121616,4120
2022-11-17,77,2376,75,8673,273,7256,228,4559,144,11688,368,36643,1154,22318,703,5768,182,11246,354,11089,349,121616,3830
2022-11-18,78,2376,89,8673,324,7256,271,4559,171,11688,437,36643,1371,22318,835,5768,216,11246,421,11089,415,121616,4550
2022-11-19,79,2376,86,8673,316,7256,264,4559,166,11688,425,36643,1334,22318,812,5768,210,11246,409,11089,404,121616,4427
2022-11-20,80,2376,92,8673,336,7256,281,4559,177,11688,453,36643,1419,22318,864,5768,223,11246,436,11089,429,121616,4710
2022-11-21,81,2376,92,8673,335,7256,281,4559,176,11688,452,36643,1417,22318,863,5768,223,11246,435,11089,429,121616,4703
2022-11-22,82,2376,104,8673,380,7256,318,4559,200,11688,512,36643,1605,22318,978,5768,253,11246,493,11089,486,121616,5328
2022-11-23,83,2376,87,8673,319,7256,267,4559,168,11688,430,36643,1348,22318,821,5768,212,11246,414,11089,408,121616,4473
2022-11-24,84,2376,102,8673,373,7256,312,4559,196,11688,503,36643,1576,22318,960,5768,248,11246,484,11089,477,121616,5232
2022-11-25,85,2376,107,8673,390,7256,326,4559,205,11688,526,36643,1648,22318,1004,5768,259,11246,506,11089,499,121616,5470
2022-11-26,86,2376,99,8673,360,7256,301,4559,189,11688,485,36643,1521,22318,927,5768,239,11246,467,11089,460,121616,5049
2022-11-27,87,2376,109,8673,397,7256,332,4559,208,11688,534,36643,1675,22318,1020,5768,264,11246,514,11089,507,121616,5560
2022-11-28,88,2376,91,8673,331,7256,277,4559,174,11688,445,36643,1396,22318,851,5768,220,11246,429,11089,423,121616,4635
2022-11-29,89,2376,100,8673,367,7256,307,4559,193,11688,494,36643,1549,22318,944,5768,244,11246,475,11089,469,121616,5142
2022-11-30,90,2376,108,8673,394,7256,330,4559,207,11688,531,36643,1665,22318,1014,5768,262,11246,511,11089,504,121616,5527
2022-12-01,91,2376,108,8673,395,7256,330,4559,207,11688,532,36643,1667,22318,1015,5768,262,11246,512,11089,504,121616,5532
2022-12-02,92,2376,113,8673,411,7256,344,4559,216,11688,554,36643,1737,22318,1058,5768,273,11246,533,11089,526,121616,5765
2022-12-03,93,2376,101,8673,367,7256,307,4559,193,11688,495,36643,1553,22318,946,5768,244,11246,476,11089,470,121616,5153
2022-12-04,94,2376,113,8673,413,7256,345,4559,217,11688,556,36643,1745,22318,1063,5768,275,11246,535,11089,528,121616,5790
2022-12-05,95,2376,124,8673,453,7256,379,4559,238,11688,610,36643,1913,22318,1165,5768,301,11246,587,11089,579,121616,6350
2022-12-06,96,2376,124,8673,454,7256,380,4559,238,11688,611,36643,1917,22318,1168,5768,302,11246,588,11089,580,121616,6362
2022-12-07,97,2376,116,8673,425,7256,356,4559,223,11688,573,36643,1795,22318,1094,5768,283,11246,551,11089,543,121616,5959
2022-12-08,98,2376,135,8673,494,7256,413,4559,260,11688,666,36643,2088,22318,1272,5768,329,11246,641,11089,632,121616,6930
2022-12-09,99,2376,123,8673,448,7256,375,4559,235,11688,604,36643,1893,22318,1153,5768,298,11246,581,11089,573,121616,6281
2022-12-10,100,2376,121,8673,443,7256,370,4559,233,11688,596,36643,1870,22318,1139,5768,294,11246,574,11089,566,121616,6205
2022-12-11,101,2376,130,8673,474,7256,396,4559,249,11688,639,36643,2002,22318,1219,5768,315,11246,614,11089,606,121616,6644
2022-12-12,102,2376,136,8673,495,7256,414,4559,260,11688,667,36643,2090,22318,1273,5768,329,11246,641,11089,632,121616,6936
2022-12-13,103,2376,138,8673,504,7256,422,4559,265,11688,680,36643,2130,22318,1298,5768,335,11246,654,11089,645,121616,7071
2022-12-14,104,2376,140,8673,511,7256,428,4559,269,11688,689,36643,2159,22318,1315,5768,340,11246,663,11089,653,121616,7166
2022-12-15,105,2376,133,8673,485,7256,406,4559,255,11688,653,36643,2048,22318,1248,5768,322,11246,629,11089,620,121616,6798
2022-12-16,106,2376,144,8673,524,7256,438,4559,275,11688,706,36643,2214,22318,1348,5768,348,11246,679,11089,670,121616,7347
2022-12-17,107,2376,147,8673,536,7256,449,4559,282,11688,723,36643,2266,22318,1380,5768,357,11246,695,11089,686,121616,7520
2022-12-18,108,2376,143,8673,522,7256,437,4559,275,11688,704,36643,2206,22318,1344,5768,347,11246,677,11089,668,121616,7323
2022-12-19,109,2376,140,8673,513,7256,429,4559,270,11688,691,36643,2166,22318,1320,5768,341,11246,665,11089,656,121616,7190
2022-12-20,110,2376,147,8673,535,7256,448,4559,281,11688,721,36643,2261,22318,1377,5768,356,11246,694,11089,684,121616,7503
2022-12-21,111,2376,147,8673,537,7256,449,4559,282,11688,723,36643,2268,22318,1381,5768,357,11246,696,11089,686,121616,7527
2022-12-22,112,2376,137,8673,500,7256,418,4559,263,11688,673,36643,2110,22318,1285,5768,332,11246,648,11089,639,121616,7004
2022-12-23,113,2376,147,8673,535,7256,448,4559,281,11688,721,36643,2260,22318,1377,5768,356,11246,694,11089,684,121616,7502
2022-12-24,114,2376,160,8673,583,7256,488,4559,307,11688,786,36643,2464,22318,1501,5768,388,11246,756,11089,746,121616,8178
2022-12-25,115,2376,160,8673,586,7256,490,4559,308,11688,789,36643,2474,22318,1507,5768,389,11246,759,11089,749,121616,8212
2022-12-26,116,2376,165,8673,603,7256,505,4559,317,11688,813,36643,2549,22318,1552,5768,401,11246,782,11089,771,121616,8459
2022-12-27,117,2376,161,8673,588,7256,492,4559,309,11688,792,36643,2484,22318,1513,5768,391,11246,762,11089,752,121616,8243
2022-12-28,118,2376,161,8673,587,7256,491,4559,309,11688,792,36643,2482,22318,1512,5768,391,11246,762,11089,751,121616,8238
2022-12-29,119,2376,170,8673,620,7256,519,4559,326,11688,836,36643,2620,22318,1596,5768,412,11246,804,11089,793,121616,8695
2022-12-30,120,2376,181,8673,661,7256,553,4559,347,11688,890,36643,2791,22318,1700,5768,439,11246,857,11089,845,121616,9263
2022-12-31,121,2376,164,8673,598,7256,500,4559,314,11688,806,36643,2526,22318,1539,5768,398,11246,775,11089,765,121616,8385
2023-01-01,122,2376,171,8673,623,7256,522,4559,328,11688,840,36643,2634,22318,1604,5768,415,11246,808,11089,797,121616,8743
2023-01-02,123,2376,169,8673,619,7256,518,4559,325,11688,834,36643,2614,22318,1592,5768,411,11246,802,11089,791,121616,8674
2023-01-03,124,2376,176,8673,642,7256,537,4559,337,11688,865,36643,2710,22318,1651,5768,427,11246,832,11089,820,121616,8995
2023-01-04,125,2376,174,8673,636,7256,532,4559,334,11688,857,36643,2688,22318,1637,5768,423,11246,825,11089,813,121616,8920
2023-01-05,126,2376,178,8673,649,7256,543,4559,341,11688,874,36643,2741,22318,1670,5768,431,11246,841,11089,830,121616,9098
2023-01-06,127,2376,191,8673,699,7256,584,4559,367,11688,941,36643,2951,22318,1798,5768,465,11246,906,11089,893,121616,9796
2023-01-07,128,2376,186,8673,680,7256,569,4559,358,11688,917,36643,2874,22318,1750,5768,452,11246,882,11089,870,121616,9538
2023-01-08,129,2376,190,8673,694,7256,581,4559,365,11688,935,36643,2933,22318,1786,5768,462,11246,900,11089,888,121616,9734
2023-01-09,130,2376,199,8673,727,7256,608,4559,382,11688,979,36643,3070,22318,1870,5768,483,11246,942,11089,929,121616,10188
2023-01-10,131,2376,197,8673,719,7256,602,4559,378,11688,969,36643,3039,22318,1851,5768,478,11246,933,11089,920,121616,10085
2023-01-11,132,2376,194,8673,707,7256,591,4559,372,11688,953,36643,2987,22318,1819,5768,470,11246,917,11089,904,121616,9914
2023-01-12,133,2376,207,8673,754,7256,631,4559,396,11688,1016,36643,3185,22318,1940,5768,501,11246,978,11089,964,121616,10572
2023-01-13,134,2376,194,8673,710,7256,594,4559,373,11688,956,36643,2998,22318,1826,5768,472,11246,920,11089,907,121616,9950
2023-01-14,135,2376,214,8673,783,7256,655,4559,412,11688,1055,36643,3308,22318,2015,5768,521,11246,1015,11089,1001,121616,10978
2023-01-15,136,2376,216,8673,787,7256,658,4559,414,11688,1061,36643,3325,22318,2025,5768,523,11246,1020,11089,1006,121616,11035
2023-01-16,137,2376,206,8673,750,7256,628,4559,394,11688,1011,36643,3170,22318,1931,5768,499,11246,973,11089,959,121616,10520
2023-01-17,138,2376,222,8673,810,7256,678,4559,426,11688,1092,36643,3424,22318,2085,5768,539,11246,1051,11089,1036,121616,11363
2023-01-18,139,2376,201,8673,735,7256,615,4559,386,11688,990,36643,3104,22318,1890,5768,489,11246,953,11089,939,121616,10301
2023-01-19,140,2376,199,8673,727,7256,608,4559,382,11688,980,36643,3072,22318,1871,5768,484,11246,943,11089,930,121616,10194
2023-01-20,141,2376,215,8673,785,7256,657,4559,413,11688,1058,36643,3318,22318,2021,5768,522,11246,1018,11089,1004,121616,11011
2023-01-21,142,2376,221,8673,807,7256,675,4559,424,11688,1087,36643,3409,22318,2076,5768,537,11246,1046,11089,1032,121616,11315
2023-01-22,143,2376,222,8673,809,7256,677,4559,425,11688,1090,36643,3416,22318,2081,5768,538,11246,1049,11089,1034,121616,11339
2023-01-23,144,2376,230,8673,838,7256,701,4559,441,11688,1130,36643,3542,22318,2157,5768,558,11246,1087,11089,1072,121616,11755
2023-01-24,145,2376,225,8673,820,7256,686,4559,431,11688,1104,36643,3462,22318,2109,5768,545,11246,1063,11089,1048,121616,11492
2023-01-25,146,2376,224,8673,818,7256,684,4559,430,11688,1102,36643,3454,22318,2104,5768,544,11246,1060,11089,1045,121616,11465
2023-01-26,147,2376,237,8673,866,7256,724,4559,455,11688,1167,36643,3658,22318,2228,5768,576,11246,1123,11089,1107,121616,12140
2023-01-27,148,2376,236,8673,861,7256,720,4559,453,11688,1160,36643,3638,22318,2216,5768,573,11246,1117,11089,1101,121616,12074
2023-01-28,149,2376,234,8673,856,7256,716,4559,450,11688,1153,36643,3615,22318,2202,5768,569,11246,1110,11089,1094,121616,11999
2023-01-29,150,2376,219,8673,798,7256,668,4559,420,11688,1076,36643,3373,22318,2054,5768,531,11246,1035,11089,1021,121616,11194
2023-01-30,151,2376,249,8673,909,7256,761,4559,478,11688,1226,36643,3842,22318,2340,5768,605,11246,1179,11089,1163,121616,12752
2023-01-31,152,2376,240,8673,877,7256,734,4559,461,11688,1182,36643,3704,22318,2256,5768,583,11246,1137,11089,1121,121616,12295
2023-02-01,153,2376,245,8673,894,7256,748,4559,470,11688,1205,36643,3776,22318,2300,5768,594,11246,1159,11089,1143,121616,12533
2023-02-02,154,2376,250,8673,912,7256,763,4559,479,11688,1229,36643,3854,22318,2347,5768,607,11246,1183,11089,1166,121616,12791
2023-02-03,155,2376,249,8673,907,7256,759,4559,477,11688,1223,36643,3834,22318,2335,5768,603,11246,1177,11089,1160,121616,12723
2023-02-04,156,2376,255,8673,929,7256,777,4559,488,11688,1252,36643,3926,22318,2391,5768,618,11246,1205,11089,1188,121616,13029
2023-02-05,157,2376,242,8673,883,7256,739,4559,464,11688,1190,36643,3732,22318,2273,5768,587,11246,1145,11089,1129,121616,12386
2023-02-06,158,2376,259,8673,945,7256,791,4559,497,11688,1274,36643,3994,22318,2433,5768,629,11246,1226,11089,1209,121616,13256
2023-02-07,159,2376,272,8673,993,7256,830,4559,522,11688,1338,36643,4194,22318,2554,5768,660,11246,1287,11089,1269,121616,13918
2023-02-08,160,2376,260,8673,948,7256,793,4559,499,11688,1278,36643,4007,22318,2440,5768,631,11246,1230,11089,1213,121616,13298
2023-02-09,161,2376,269,8673,983,7256,822,4559,516,11688,1324,36643,4151,22318,2528,5768,653,11246,1274,11089,1256,121616,13778
2023-02-10,162,2376,259,8673,944,7256,790,4559,496,11688,1272,36643,3987,22318,2429,5768,628,11246,1224,11089,1207,121616,13234
2023-02-11,163,2376,272,8673,995,7256,832,4559,523,11688,1340,36643,4202,22318,2559,5768,661,11246,1290,11089,1272,121616,13947
2023-02-12,164,2376,265,8673,969,7256,810,4559,509,11688,1305,36643,4092,22318,2493,5768,644,11246,1256,11089,1238,121616,13583
2023-02-13,165,2376,274,8673,1000,7256,837,4559,526,11688,1348,36643,4226,22318,2574,5768,665,11246,1297,11089,1279,121616,14026
2023-02-14,166,2376,277,8673,1011,7256,846,4559,531,11688,1362,36643,4271,22318,2601,5768,672,11246,1311,11089,1292,121616,14174
2023-02-15,167,2376,280,8673,1022,7256,855,4559,537,11688,1378,36643,4320,22318,2631,5768,680,11246,1326,11089,1307,121616,14338
2023-02-16,168,2376,270,8673,986,7256,825,4559,519,11688,1329,36643,4167,22318,2538,5768,656,11246,1279,11089,1261,121616,13832
2023-02-17,169,2376,288,8673,1050,7256,878,4559,552,11688,1414,36643,4435,22318,2701,5768,698,11246,1361,11089,1342,121616,14718
2023-02-18,170,2376,279,8673,1020,7256,853,4559,536,11688,1374,36643,4308,22318,2624,5768,678,11246,1322,11089,1304,121616,14299
2023-02-19,171,2376,289,8673,1055,7256,883,4559,555,11688,1422,36643,4459,22318,2716,5768,702,11246,1368,11089,1349,121616,14798
2023-02-20,172,2376,289,8673,1053,7256,881,4559,554,11688,1420,36643,4451,22318,2711,5768,701,11246,1366,11089,1347,121616,14772
2023-02-21,173,2376,295,8673,1076,7256,900,4559,566,11688,1450,36643,4547,22318,2769,5768,716,11246,1395,11089,1376,121616,15091
2023-02-22,174,2376,292,8673,1067,7256,893,4559,561,11688,1439,36643,4510,22318,2747,5768,710,11246,1384,11089,1365,121616,14968
2023-02-23,175,2376,292,8673,1066,7256,892,4559,560,11688,1436,36643,4502,22318,2742,5768,709,11246,1382,11089,1363,121616,14944
2023-02-24,176,2376,289,8673,1057,7256,884,4559,555,11688,1424,36643,4465,22318,2719,5768,703,11246,1370,11089,1351,121616,14818
2023-02-25,177,2376,296,8673,1081,7256,904,4559,568,11688,1457,36643,4566,22318,2781,5768,719,11246,1401,11089,1382,121616,15156
2023-02-26,178,2376,301,8673,1100,7256,920,4559,578,11688,1482,36643,4647,22318,2831,5768,732,11246,1426,11089,1406,121616,15424
2023-02-27,179,2376,311,8673,1135,7256,950,4559,597,11688,1530,36643,4797,22318,2922,5768,755,11246,1472,11089,1452,121616,15922
2023-02-28,180,2376,307,8673,1120,7256,937,4559,589,11688,1510,36643,4734,22318,2883,5768,745,11246,1453,11089,1433,121616,15711
2023-03-01,181,2376,309,8673,1127,7256,943,4559,593,11688,1519,36643,4763,22318,2901,5768,750,11246,1462,11089,1442,121616,15810
2023-03-02,182,2376,306,8673,1119,7256,936,4559,588,11688,1508,36643,4726,22318,2879,5768,744,11246,1451,11089,1430,121616,15687
2023-03-03,183,2376,309,8673,1129,7256,944,4559,593,11688,1521,36643,4769,22318,2904,5768,751,11246,1464,11089,1443,121616,15827
2023-03-04,184,2376,313,8673,1144,7256,957,4559,601,11688,1542,36643,4834,22318,2944,5768,761,11246,1484,11089,1463,121616,16044
2023-03-05,185,2376,314,8673,1147,7256,960,4559,603,11688,1546,36643,4846,22318,2951,5768,763,11246,1487,11089,1466,121616,16083
2023-03-06,186,2376,313,8673,1142,7256,956,4559,600,11688,1539,36643,4825,22318,2939,5768,760,11246,1481,11089,1460,121616,16015
2023-03-07,187,2376,318,8673,1162,7256,972,4559,611,11688,1566,36643,4908,22318,2990,5768,773,11246,1506,11089,1485,121616,16291
2023-03-08,188,2376,310,8673,1132,7256,947,4559,595,11688,1525,36643,4782,22318,2913,5768,753,11246,1468,11089,1447,121616,15872
2023-03-09,189,2376,317,8673,1157,7256,968,4559,608,11688,1560,36643,4890,22318,2979,5768,770,11246,1501,11089,1480,121616,16231
2023-03-10,190,2376,315,8673,1151,7256,963,4559,605,11688,1551,36643,4863,22318,2962,5768,765,11246,1492,11089,1472,121616,16140
2023-03-11,191,2376,320,8673,1168,7256,977,4559,614,11688,1574,36643,4934,22318,3005,5768,777,11246,1514,11089,1493,121616,16374
2023-03-12,192,2376,327,8673,1193,7256,998,4559,627,11688,1608,36643,5041,22318,3070,5768,794,11246,1547,11089,1526,121616,16731
2023-03-13,193,2376,336,8673,1225,7256,1025,4559,644,11688,1650,36643,5174,22318,3151,5768,814,11246,1588,11089,1566,121616,17173
2023-03-14,194,2376,337,8673,1229,7256,1028,4559,646,11688,1656,36643,5192,22318,3163,5768,817,11246,1594,11089,1571,121616,17234
2023-03-15,195,2376,330,8673,1204,7256,1007,4559,633,11688,1623,36643,5087,22318,3098,5768,801,11246,1561,11089,1539,121616,16883
2023-03-16,196,2376,331,8673,1207,7256,1010,4559,635,11688,1627,36643,5101,22318,3107,5768,803,11246,1566,11089,1544,121616,16930
2023-03-17,197,2376,339,8673,1237,7256,1035,4559,650,11688,1667,36643,5228,22318,3184,5768,823,11246,1604,11089,1582,121616,17351
2023-03-18,198,2376,336,8673,1226,7256,1026,4559,644,11688,1652,36643,5179,22318,3154,5768,815,11246,1589,11089,1567,121616,17188
2023-03-19,199,2376,336,8673,1225,7256,1025,4559,644,11688,1651,36643,5177,22318,3153,5768,815,11246,1589,11089,1567,121616,17181
2023-03-20,200,2376,342,8673,1249,7256,1045,4559,656,11688,1683,36643,5275,22318,3213,5768,830,11246,1619,11089,1596,121616,17507
2023-03-21,201,2376,344,8673,1257,7256,1052,4559,661,11688,1694,36643,5311,22318,3235,5768,836,11246,1630,11089,1607,121616,17626
2023-03-22,202,2376,343,8673,1252,7256,1047,4559,658,11688,1687,36643,5289,22318,3221,5768,833,11246,1623,11089,1601,121616,17553
2023-03-23,203,2376,348,8673,1269,7256,1062,4559,667,11688,1710,36643,5362,22318,3266,5768,844,11246,1646,11089,1623,121616,17795
2023-03-24,204,2376,349,8673,1275,7256,1067,4559,670,11688,1718,36643,5387,22318,3281,5768,848,11246,1653,11089,1630,121616,17878
2023-03-25,205,2376,340,8673,1242,7256,1039,4559,653,11688,1674,36643,5247,22318,3196,5768,826,11246,1610,11089,1588,121616,17414
2023-03-26,206,2376,356,8673,1300,7256,1088,4559,684,11688,1752,36643,5494,22318,3346,5768,865,11246,1686,11089,1663,121616,18234
2023-03-27,207,2376,354,8673,1291,7256,1080,4559,678,11688,1739,36643,5453,22318,3321,5768,858,11246,1674,11089,1650,121616,18099
2023-03-28,208,2376,342,8673,1248,7256,1044,4559,656,11688,1682,36643,5274,22318,3212,5768,830,11246,1619,11089,1596,121616,17504
2023-03-29,209,2376,364,8673,1331,7256,1113,4559,699,11688,1793,36643,5621,22318,3424,5768,885,11246,1725,11089,1701,121616,18657
2023-03-30,210,2376,366,8673,1335,7256,1117,4559,702,11688,1799,36643,5639,22318,3435,5768,888,11246,1731,11089,1707,121616,18716
2023-03-31,211,2376,364,8673,1327,7256,1111,4559,698,11688,1789,36643,5608,22318,3416,5768,883,11246,1721,11089,1697,121616,18614
2023-04-01,212,2376,355,8673,1297,7256,1085,4559,682,11688,1748,36643,5481,22318,3338,5768,863,11246,1682,11089,1659,121616,18191
2023-04-02,213,2376,355,8673,1295,7256,1084,4559,681,11688,1745,36643,5472,22318,3333,5768,861,11246,1679,11089,1656,121616,18162
2023-04-03,214,2376,363,8673,1325,7256,1109,4559,697,11688,1786,36643,5600,22318,3411,5768,882,11246,1719,11089,1695,121616,18587
2023-04-04,215,2376,363,8673,1323,7256,1107,4559,696,11688,1783,36643,5591,22318,3405,5768,880,11246,1716,11089,1692,121616,18556
2023-04-05,216,2376,364,8673,1329,7256,1112,4559,699,11688,1791,36643,5615,22318,3420,5768,884,11246,1723,11089,1699,121616,18635
2023-04-06,217,2376,361,8673,1319,7256,1103,4559,693,11688,1777,36643,5572,22318,3394,5768,877,11246,1710,11089,1686,121616,18493
2023-04-07,218,2376,367,8673,1338,7256,1120,4559,704,11688,1804,36643,5655,22318,3444,5768,890,11246,1736,11089,1711,121616,18768
2023-04-08,219,2376,367,8673,1341,7256,1122,4559,705,11688,1807,36643,5666,22318,3451,5768,892,11246,1739,11089,1715,121616,18804
2023-04-09,220,2376,372,8673,1357,7256,1136,4559,714,11688,1829,36643,5735,22318,3493,5768,903,11246,1760,11089,1735,121616,19033
2023-04-10,221,2376,377,8673,1375,7256,1150,4559,723,11688,1853,36643,5808,22318,3537,5768,914,11246,1783,11089,1758,121616,19276
2023-04-11,222,2376,370,8673,1352,7256,1131,4559,711,11688,1822,36643,5711,22318,3478,5768,899,11246,1753,11089,1728,121616,18955
2023-04-12,223,2376,370,8673,1350,7256,1129,4559,709,11688,1819,36643,5702,22318,3473,5768,898,11246,1750,11089,1725,121616,18923
2023-04-13,224,2376,366,8673,1338,7256,1119,4559,703,11688,1803,36643,5651,22318,3442,5768,890,11246,1734,11089,1710,121616,18756
2023-04-14,225,2376,365,8673,1333,7256,1115,4559,701,11688,1797,36643,5632,22318,3430,5768,887,11246,1729,11089,1704,121616,18694
2023-04-15,226,2376,383,8673,1396,7256,1168,4559,734,11688,1882,36643,5900,22318,3593,5768,929,11246,1811,11089,1785,121616,19581
2023-04-16,227,2376,376,8673,1372,7256,1148,4559,721,11688,1849,36643,5796,22318,3530,5768,912,11246,1779,11089,1754,121616,19235
2023-04-17,228,2376,385,8673,1405,7256,1175,4559,738,11688,1893,36643,5935,22318,3615,5768,934,11246,1822,11089,1796,121616,19698
2023-04-18,229,2376,370,8673,1351,7256,1130,4559,710,11688,1821,36643,5709,22318,3477,5768,899,11246,1752,11089,1728,121616,18947
2023-04-19,230,2376,384,8673,1403,7256,1174,4559,738,11688,1891,36643,5929,22318,3611,5768,933,11246,1820,11089,1794,121616,19677
2023-04-20,231,2376,372,8673,1357,7256,1136,4559,714,11688,1829,36643,5735,22318,3493,5768,903,11246,1760,11089,1736,121616,19034
2023-04-21,232,2376,380,8673,1387,7256,1161,4559,729,11688,1870,36643,5862,22318,3570,5768,923,11246,1799,11089,1774,121616,19455
2023-04-22,233,2376,378,8673,1381,7256,1156,4559,726,11688,1862,36643,5837,22318,3555,5768,919,11246,1791,11089,1766,121616,19372
2023-04-23,234,2376,374,8673,1366,7256,1142,4559,718,11688,1840,36643,5769,22318,3514,5768,908,11246,1771,11089,1746,121616,19148
2023-04-24,235,2376,386,8673,1410,7256,1180,4559,741,11688,1900,36643,5958,22318,3629,5768,938,11246,1829,11089,1803,121616,19775
2023-04-25,236,2376,378,8673,1379,7256,1153,4559,725,11688,1858,36643,5825,22318,3548,5768,917,11246,1788,11089,1763,121616,19332
2023-04-26,237,2376,382,8673,1394,7256,1166,4559,733,11688,1878,36643,5889,22318,3587,5768,927,11246,1807,11089,1782,121616,19544
2023-04-27,238,2376,372,8673,1359,7256,1137,4559,714,11688,1831,36643,5740,22318,3496,5768,904,11246,1762,11089,1737,121616,19050
2023-04-28,239,2376,385,8673,1406,7256,1176,4559,739,11688,1895,36643,5940,22318,3618,5768,935,11246,1823,11089,1797,121616,19713
2023-04-29,240,2376,372,8673,1359,7256,1137,4559,714,11688,1832,36643,5743,22318,3498,5768,904,11246,1762,11089,1738,121616,19059
2023-04-30,241,2376,376,8673,1372,7256,1148,4559,721,11688,1849,36643,5796,22318,3530,5768,912,11246,1779,11089,1754,121616,19237
2023-05-01,242,2376,386,8673,1410,7256,1180,4559,741,11688,1901,36643,5959,22318,3629,5768,938,11246,1829,11089,1803,121616,19777
2023-05-02,243,2376,387,8673,1412,7256,1181,4559,742,11688,1903,36643,5966,22318,3634,5768,939,11246,1831,11089,1805,121616,19801
2023-05-03,244,2376,389,8673,1419,7256,1187,4559,746,11688,1912,36643,5995,22318,3651,5768,944,11246,1840,11089,1814,121616,19898
2023-05-04,245,2376,390,8673,1424,7256,1191,4559,748,11688,1919,36643,6015,22318,3664,5768,947,11246,1846,11089,1820,121616,19964
2023-05-05,246,2376,375,8673,1370,7256,1146,4559,720,11688,1846,36643,5788,22318,3525,5768,911,11246,1776,11089,1752,121616,19210
2023-05-06,247,2376,387,8673,1411,7256,1181,4559,742,11688,1902,36643,5963,22318,3632,5768,939,11246,1830,11089,1804,121616,19790
2023-05-07,248,2376,374,8673,1365,7256,1142,4559,718,11688,1840,36643,5769,22318,3514,5768,908,11246,1771,11089,1746,121616,19147
2023-05-08,249,2376,380,8673,1388,7256,1161,4559,730,11688,1871,36643,5865,22318,3572,5768,923,11246,1800,11089,1775,121616,19466
2023-05-09,250,2376,391,8673,1429,7256,1196,4559,751,11688,1926,36643,6038,22318,3677,5768,950,11246,1853,11089,1827,121616,20039
2023-05-10,251,2376,387,8673,1413,7256,1182,4559,743,11688,1904,36643,5971,22318,3636,5768,940,11246,1832,11089,1807,121616,19816
2023-05-11,252,2376,385,8673,1405,7256,1175,4559,738,11688,1893,36643,5935,22318,3615,5768,934,11246,1822,11089,1796,121616,19699
2023-05-12,253,2376,381,8673,1390,7256,1163,4559,731,11688,1873,36643,5873,22318,3577,5768,924,11246,1802,11089,1777,121616,19493
2023-05-13,254,2376,383,8673,1397,7256,1169,4559,734,11688,1883,36643,5902,22318,3595,5768,929,11246,1811,11089,1786,121616,19589
2023-05-14,255,2376,377,8673,1377,7256,1152,4559,724,11688,1855,36643,5817,22318,3543,5768,916,11246,1785,11089,1760,121616,19307
2023-05-15,256,2376,382,8673,1396,7256,1168,4559,734,11688,1881,36643,5897,22318,3592,5768,928,11246,1810,11089,1785,121616,19573
2023-05-16,257,2376,380,8673,1388,7256,1161,4559,729,11688,1870,36643,5862,22318,3571,5768,923,11246,1799,11089,1774,121616,19457
2023-05-17,258,2376,390,8673,1424,7256,1191,4559,748,11688,1918,36643,6014,22318,3663,5768,947,11246,1846,11089,1820,121616,19962
2023-05-18,259,2376,387,8673,1411,7256,1181,4559,742,11688,1902,36643,5962,22318,3631,5768,939,11246,1830,11089,1804,121616,19788
2023-05-19,260,2376,381,8673,1390,7256,1163,4559,731,11688,1873,36643,5873,22318,3577,5768,924,11246,1802,11089,1777,121616,19491
2023-05-20,261,2376,380,8673,1388,7256,1161,4559,730,11688,1871,36643,5866,22318,3573,5768,923,11246,1800,11089,1775,121616,19468
2023-05-21,262,2376,390,8673,1422,7256,1190,4559,748,11688,1917,36643,6009,22318,3660,5768,946,11246,1844,11089,1818,121616,19944
2023-05-22,263,2376,388,8673,1415,7256,1183,4559,744,11688,1906,36643,5976,22318,3640,5768,941,11246,1834,11089,1809,121616,19835
2023-05-23,264,2376,378,8673,1380,7256,1155,4559,726,11688,1860,36643,5832,22318,3552,5768,918,11246,1790,11089,1765,121616,19357
2023-05-24,265,2376,392,8673,1432,7256,1198,4559,753,11688,1930,36643,6051,22318,3686,5768,953,11246,1857,11089,1831,121616,20085
2023-05-25,266,2376,379,8673,1385,7256,1159,4559,728,11688,1866,36643,5851,22318,3564,5768,921,11246,1796,11089,1771,121616,19419
2023-05-26,267,2376,384,8673,1400,7256,1171,4559,736,11688,1887,36643,5916,22318,3603,5768,931,11246,1816,11089,1790,121616,19635
2023-05-27,268,2376,374,8673,1367,7256,1143,4559,718,11688,1842,36643,5774,22318,3517,5768,909,11246,1772,11089,1747,121616,19163
2023-05-28,269,2376,382,8673,1395,7256,1167,4559,733,11688,1880,36643,5895,22318,3591,5768,928,11246,1809,11089,1784,121616,19567
2023-05-29,270,2376,384,8673,1403,7256,1174,4559,738,11688,1891,36643,5930,22318,3611,5768,933,11246,1820,11089,1794,121616,19680
2023-05-30,271,2376,380,8673,1385,7256,1159,4559,728,11688,1867,36643,5853,22318,3565,5768,921,11246,1796,11089,1771,121616,19425
2023-05-31,272,2376,375,8673,1371,7256,1147,4559,720,11688,1847,36643,5790,22318,3527,5768,911,11246,1777,11089,1752,121616,19218
2023-06-01,273,2376,385,8673,1405,7256,1176,4559,739,11688,1894,36643,5938,22318,3616,5768,935,11246,1822,11089,1797,121616,19707
2023-06-02,274,2376,388,8673,1417,7256,1185,4559,745,11688,1910,36643,5987,22318,3646,5768,942,11246,1837,11089,1812,121616,19869
2023-06-03,275,2376,373,8673,1360,7256,1138,4559,715,11688,1832,36643,5745,22318,3499,5768,904,11246,1763,11089,1739,121616,19067
2023-06-04,276,2376,376,8673,1372,7256,1148,4559,721,11688,1849,36643,5797,22318,3531,5768,913,11246,1779,11089,1754,121616,19241
2023-06-05,277,2376,376,8673,1373,7256,1149,4559,722,11688,1850,36643,5801,22318,3533,5768,913,11246,1780,11089,1756,121616,19254
2023-06-06,278,2376,370,8673,1349,7256,1129,4559,709,11688,1818,36643,5700,22318,3472,5768,897,11246,1749,11089,1725,121616,18917
2023-06-07,279,2376,364,8673,1327,7256,1110,4559,698,11688,1788,36643,5607,22318,3415,5768,883,11246,1721,11089,1697,121616,18609
2023-06-08,280,2376,370,8673,1350,7256,1129,4559,710,11688,1819,36643,5704,22318,3474,5768,898,11246,1750,11089,1726,121616,18930
2023-06-09,281,2376,359,8673,1310,7256,1096,4559,689,11688,1766,36643,5536,22318,3372,5768,871,11246,1699,11089,1675,121616,18373
2023-06-10,282,2376,359,8673,1312,7256,1098,4559,690,11688,1768,36643,5543,22318,3376,5768,873,11246,1701,11089,1678,121616,18398
2023-06-11,283,2376,366,8673,1335,7256,1117,4559,702,11688,1800,36643,5642,22318,3436,5768,888,11246,1732,11089,1707,121616,18726
2023-06-12,284,2376,370,8673,1350,7256,1130,4559,710,11688,1819,36643,5704,22318,3474,5768,898,11246,1751,11089,1726,121616,18932
2023-06-13,285,2376,368,8673,1344,7256,1124,4559,706,11688,1811,36643,5677,22318,3458,5768,894,11246,1742,11089,1718,121616,18843
2023-06-14,286,2376,364,8673,1330,7256,1113,4559,699,11688,1792,36643,5618,22318,3422,5768,884,11246,1724,11089,1700,121616,18647
2023-06-15,287,2376,363,8673,1326,7256,1109,4559,697,11688,1787,36643,5602,22318,3412,5768,882,11246,1719,11089,1695,121616,18593
2023-06-16,288,2376,366,8673,1337,7256,1119,4559,703,11688,1802,36643,5649,22318,3441,5768,889,11246,1734,11089,1710,121616,18749
2023-06-17,289,2376,364,8673,1328,7256,1111,4559,698,11688,1789,36643,5610,22318,3417,5768,883,11246,1722,11089,1698,121616,18618
2023-06-18,290,2376,372,8673,1359,7256,1137,4559,714,11688,1831,36643,5741,22318,3497,5768,904,11246,1762,11089,1737,121616,19054
2023-06-19,291,2376,362,8673,1323,7256,1106,4559,695,11688,1782,36643,5588,22318,3403,5768,880,11246,1715,11089,1691,121616,18545
2023-06-20,292,2376,361,8673,1317,7256,1102,4559,693,11688,1775,36643,5566,22318,3390,5768,876,11246,1708,11089,1684,121616,18473
2023-06-21,293,2376,354,8673,1292,7256,1081,4559,679,11688,1742,36643,5461,22318,3326,5768,860,11246,1676,11089,1652,121616,18123
2023-06-22,294,2376,355,8673,1295,7256,1083,4559,681,11688,1745,36643,5471,22318,3332,5768,861,11246,1679,11089,1656,121616,18158
2023-06-23,295,2376,344,8673,1257,7256,1052,4559,661,11688,1694,36643,5310,22318,3234,5768,836,11246,1630,11089,1607,121616,17624
2023-06-24,296,2376,347,8673,1267,7256,1060,4559,666,11688,1707,36643,5352,22318,3260,5768,843,11246,1643,11089,1620,121616,17764
2023-06-25,297,2376,349,8673,1274,7256,1066,4559,670,11688,1717,36643,5382,22318,3278,5768,847,11246,1652,11089,1629,121616,17863
2023-06-26,298,2376,365,8673,1333,7256,1115,4559,701,11688,1796,36643,5631,22318,3430,5768,886,11246,1728,11089,1704,121616,18689
2023-06-27,299,2376,352,8673,1286,7256,1076,4559,676,11688,1733,36643,5432,22318,3308,5768,855,11246,1667,11089,1644,121616,18027
2023-06-28,300,2376,354,8673,1294,7256,1082,4559,680,11688,1743,36643,5465,22318,3329,5768,860,11246,1677,11089,1654,121616,18139
2023-06-29,301,2376,342,8673,1250,7256,1046,4559,657,11688,1684,36643,5281,22318,3217,5768,831,11246,1621,11089,1598,121616,17528
2023-06-30,302,2376,339,8673,1238,7256,1035,4559,651,11688,1668,36643,5229,22318,3185,5768,823,11246,1605,11089,1582,121616,17354
2023-07-01,303,2376,335,8673,1221,7256,1022,4559,642,11688,1646,36643,5159,22318,3142,5768,812,11246,1583,11089,1561,121616,17124
2023-07-02,304,2376,339,8673,1238,7256,1036,4559,651,11688,1669,36643,5232,22318,3187,5768,824,11246,1606,11089,1583,121616,17366
2023-07-03,305,2376,334,8673,1221,7256,1021,4559,642,11688,1645,36643,5157,22318,3141,5768,812,11246,1583,11089,1561,121616,17115
2023-07-04,306,2376,335,8673,1222,7256,1022,4559,642,11688,1647,36643,5164,22318,3145,5768,813,11246,1585,11089,1563,121616,17138
2023-07-05,307,2376,337,8673,1230,7256,1029,4559,647,11688,1658,36643,5198,22318,3166,5768,818,11246,1595,11089,1573,121616,17253
2023-07-06,308,2376,340,8673,1240,7256,1038,4559,652,11688,1672,36643,5241,22318,3192,5768,825,11246,1608,11089,1586,121616,17394
2023-07-07,309,2376,332,8673,1210,7256,1013,4559,636,11688,1631,36643,5114,22318,3115,5768,805,11246,1569,11089,1548,121616,16972
2023-07-08,310,2376,354,8673,1291,7256,1080,4559,679,11688,1740,36643,5455,22318,3322,5768,859,11246,1674,11089,1651,121616,18104
2023-07-09,311,2376,332,8673,1213,7256,1015,4559,638,11688,1635,36643,5126,22318,3122,5768,807,11246,1573,11089,1551,121616,17014
2023-07-10,312,2376,324,8673,1183,7256,990,4559,622,11688,1594,36643,4999,22318,3045,5768,787,11246,1534,11089,1513,121616,16591
2023-07-11,313,2376,322,8673,1175,7256,983,4559,617,11688,1583,36643,4963,22318,3023,5768,781,11246,1523,11089,1502,121616,16472
2023-07-12,314,2376,326,8673,1188,7256,994,4559,625,11688,1601,36643,5020,22318,3058,5768,790,11246,1541,11089,1519,121616,16662
2023-07-13,315,2376,330,8673,1205,7256,1008,4559,633,11688,1623,36643,5089,22318,3100,5768,801,11246,1562,11089,1540,121616,16890
2023-07-14,316,2376,323,8673,1178,7256,985,4559,619,11688,1587,36643,4975,22318,3030,5768,783,11246,1527,11089,1506,121616,16513
2023-07-15,317,2376,324,8673,1184,7256,991,4559,623,11688,1596,36643,5004,22318,3048,5768,788,11246,1536,11089,1514,121616,16608
2023-07-16,318,2376,313,8673,1144,7256,957,4559,601,11688,1542,36643,4834,22318,2944,5768,761,11246,1484,11089,1463,121616,16044
2023-07-17,319,2376,319,8673,1166,7256,975,4559,613,11688,1571,36643,4925,22318,3000,5768,775,11246,1512,11089,1490,121616,16346
2023-07-18,320,2376,329,8673,1200,7256,1004,4559,631,11688,1617,36643,5068,22318,3087,5768,798,11246,1555,11089,1534,121616,16820
2023-07-19,321,2376,334,8673,1220,7256,1020,4559,641,11688,1644,36643,5153,22318,3139,5768,811,11246,1582,11089,1559,121616,17103
2023-07-20,322,2376,312,8673,1140,7256,954,4559,599,11688,1536,36643,4816,22318,2933,5768,758,11246,1478,11089,1457,121616,15984
2023-07-21,323,2376,315,8673,1149,7256,961,4559,604,11688,1548,36643,4853,22318,2956,5768,764,11246,1489,11089,1469,121616,16107
2023-07-22,324,2376,312,8673,1138,7256,952,4559,598,11688,1534,36643,4810,22318,2929,5768,757,11246,1476,11089,1456,121616,15963
2023-07-23,325,2376,315,8673,1149,7256,962,4559,604,11688,1549,36643,4856,22318,2958,5768,764,11246,1490,11089,1470,121616,16117
2023-07-24,326,2376,299,8673,1091,7256,912,4559,573,11688,1470,36643,4608,22318,2807,5768,725,11246,1414,11089,1395,121616,15294
2023-07-25,327,2376,295,8673,1076,7256,900,4559,566,11688,1450,36643,4547,22318,2769,5768,716,11246,1395,11089,1376,121616,15091
2023-07-26,328,2376,317,8673,1158,7256,969,4559,609,11688,1561,36643,4894,22318,2981,5768,770,11246,1502,11089,1481,121616,16242
2023-07-27,329,2376,308,8673,1123,7256,939,4559,590,11688,1513,36643,4744,22318,2889,5768,747,11246,1456,11089,1436,121616,15744
2023-07-28,330,2376,306,8673,1116,7256,934,4559,587,11688,1505,36643,4717,22318,2873,5768,743,11246,1448,11089,1427,121616,15656
2023-07-29,331,2376,293,8673,1071,7256,896,4559,563,11688,1444,36643,4526,22318,2756,5768,712,11246,1389,11089,1370,121616,15020
2023-07-30,332,2376,307,8673,1119,7256,936,4559,588,11688,1508,36643,4728,22318,2880,5768,744,11246,1451,11089,1431,121616,15692
2023-07-31,333,2376,292,8673,1066,7256,892,4559,560,11688,1437,36643,4504,22318,2743,5768,709,11246,1382,11089,1363,121616,14950
2023-08-01,334,2376,292,8673,1066,7256,892,4559,560,11688,1436,36643,4502,22318,2742,5768,709,11246,1382,11089,1362,121616,14942
2023-08-02,335,2376,293,8673,1069,7256,895,4559,562,11688,1441,36643,4519,22318,2752,5768,711,11246,1387,11089,1367,121616,14997
2023-08-03,336,2376,298,8673,1089,7256,911,4559,573,11688,1468,36643,4602,22318,2803,5768,724,11246,1412,11089,1393,121616,15272
2023-08-04,337,2376,286,8673,1042,7256,872,4559,548,11688,1405,36643,4404,22318,2683,5768,693,11246,1352,11089,1333,121616,14618
2023-08-05,338,2376,281,8673,1026,7256,858,4559,539,11688,1383,36643,4334,22318,2640,5768,682,11246,1330,11089,1312,121616,14385
2023-08-06,339,2376,279,8673,1019,7256,852,4559,536,11688,1373,36643,4305,22318,2622,5768,678,11246,1321,11089,1303,121616,14287
2023-08-07,340,2376,278,8673,1014,7256,849,4559,533,11688,1367,36643,4285,22318,2610,5768,675,11246,1315,11089,1297,121616,14223
2023-08-08,341,2376,282,8673,1031,7256,862,4559,542,11688,1389,36643,4354,22318,2652,5768,685,11246,1336,11089,1318,121616,14451
2023-08-09,342,2376,267,8673,973,7256,814,4559,512,11688,1312,36643,4113,22318,2505,5768,647,11246,1262,11089,1245,121616,13650
2023-08-10,343,2376,280,8673,1023,7256,856,4559,538,11688,1378,36643,4321,22318,2632,5768,680,11246,1326,11089,1308,121616,14341
2023-08-11,344,2376,262,8673,955,7256,799,4559,502,11688,1287,36643,4035,22318,2457,5768,635,11246,1238,11089,1221,121616,13391
2023-08-12,345,2376,281,8673,1026,7256,858,4559,539,11688,1382,36643,4333,22318,2639,5768,682,11246,1330,11089,1311,121616,14383
2023-08-13,346,2376,276,8673,1007,7256,843,4559,529,11688,1357,36643,4255,22318,2592,5768,670,11246,1306,11089,1288,121616,14123
2023-08-14,347,2376,270,8673,986,7256,825,4559,518,11688,1328,36643,4165,22318,2536,5768,656,11246,1278,11089,1260,121616,13822
2023-08-15,348,2376,280,8673,1021,7256,854,4559,536,11688,1375,36643,4312,22318,2626,5768,679,11246,1323,11089,1305,121616,14311
2023-08-16,349,2376,273,8673,996,7256,833,4559,524,11688,1342,36643,4209,22318,2563,5768,662,11246,1292,11089,1274,121616,13968
2023-08-17,350,2376,262,8673,957,7256,801,4559,503,11688,1290,36643,4045,22318,2463,5768,637,11246,1241,11089,1224,121616,13424
2023-08-18,351,2376,254,8673,929,7256,777,4559,488,11688,1252,36643,3924,22318,2390,5768,618,11246,1204,11089,1188,121616,13024
2023-08-19,352,2376,257,8673,938,7256,785,4559,493,11688,1264,36643,3964,22318,2414,5768,624,11246,1217,11089,1200,121616,13157
2023-08-20,353,2376,258,8673,940,7256,787,4559,494,11688,1267,36643,3973,22318,2420,5768,625,11246,1219,11089,1202,121616,13185
2023-08-21,354,2376,253,8673,924,7256,773,4559,486,11688,1245,36643,3903,22318,2377,5768,614,11246,1198,11089,1181,121616,12955
2023-08-22,355,2376,252,8673,921,7256,770,4559,484,11688,1241,36643,3891,22318,2370,5768,612,11246,1194,11089,1177,121616,12913
2023-08-23,356,2376,256,8673,934,7256,781,4559,491,11688,1258,36643,3944,22318,2402,5768,621,11246,1210,11089,1194,121616,13090
2023-08-24,357,2376,248,8673,904,7256,756,4559,475,11688,1218,36643,3818,22318,2325,5768,601,11246,1172,11089,1155,121616,12671
2023-08-25,358,2376,256,8673,935,7256,782,4559,492,11688,1260,36643,3951,22318,2406,5768,622,11246,1213,11089,1196,121616,13113
2023-08-26,359,2376,258,8673,941,7256,787,4559,495,11688,1268,36643,3975,22318,2421,5768,626,11246,1220,11089,1203,121616,13192
2023-08-27,360,2376,242,8673,884,7256,740,4559,465,11688,1191,36643,3735,22318,2275,5768,588,11246,1146,11089,1130,121616,12396
2023-08-28,361,2376,240,8673,875,7256,732,4559,460,11688,1180,36643,3699,22318,2253,5768,582,11246,1135,11089,1119,121616,12276
2023-08-29,362,2376,252,8673,920,7256,770,4559,484,11688,1240,36643,3888,22318,2368,5768,612,11246,1193,11089,1177,121616,12904
2023-08-30,363,2376,232,8673,846,7256,707,4559,444,11688,1140,36643,3573,22318,2176,5768,562,11246,1096,11089,1081,121616,11857
2023-08-31,364,2376,240,8673,876,7256,733,4559,460,11688,1180,36643,3700,22318,2254,5768,582,11246,1136,11089,1120,121616,12281
2023-09-01,365,2376,241,8673,879,7256,736,4559,462,11688,1185,36643,3715,22318,2263,5768,585,11246,1140,11089,1124,121616,12331
2023-09-02,366,2376,230,8673,840,7256,703,4559,442,11688,1132,36643,3550,22318,2162,5768,559,11246,1090,11089,1074,121616,11783
2023-09-03,367,2376,238,8673,870,7256,728,4559,457,11688,1172,36643,3675,22318,2238,5768,579,11246,1128,11089,1112,121616,12198
2023-09-04,368,2376,237,8673,867,7256,725,4559,456,11688,1168,36643,3661,22318,2230,5768,576,11246,1124,11089,1108,121616,12152
2023-09-05,369,2376,219,8673,801,7256,670,4559,421,11688,1080,36643,3385,22318,2062,5768,533,11246,1039,11089,1024,121616,11235
2023-09-06,370,2376,221,8673,807,7256,676,4559,424,11688,1088,36643,3411,22318,2078,5768,537,11246,1047,11089,1032,121616,11322
2023-09-07,371,2376,233,8673,849,7256,710,4559,446,11688,1144,36643,3587,22318,2185,5768,565,11246,1101,11089,1086,121616,11906
2023-09-08,372,2376,228,8673,831,7256,695,4559,437,11688,1119,36643,3510,22318,2138,5768,552,11246,1077,11089,1062,121616,11648
2023-09-09,373,2376,218,8673,795,7256,665,4559,418,11688,1071,36643,3359,22318,2046,5768,529,11246,1031,11089,1016,121616,11147
2023-09-10,374,2376,217,8673,791,7256,662,4559,416,11688,1066,36643,3341,22318,2035,5768,526,11246,1025,11089,1011,121616,11088
2023-09-11,375,2376,215,8673,785,7256,657,4559,413,11688,1058,36643,3316,22318,2020,5768,522,11246,1018,11089,1004,121616,11006
2023-09-12,376,2376,226,8673,824,7256,689,4559,433,11688,1110,36643,3481,22318,2120,5768,548,11246,1068,11089,1053,121616,11552
2023-09-13,377,2376,228,8673,833,7256,697,4559,438,11688,1122,36643,3518,22318,2143,5768,554,11246,1080,11089,1065,121616,11676
2023-09-14,378,2376,217,8673,792,7256,662,4559,416,11688,1067,36643,3345,22318,2037,5768,526,11246,1026,11089,1012,121616,11101
2023-09-15,379,2376,211,8673,770,7256,644,4559,405,11688,1038,36643,3254,22318,1982,5768,512,11246,999,11089,985,121616,10800
2023-09-16,380,2376,215,8673,785,7256,657,4559,413,11688,1058,36643,3318,22318,2021,5768,522,11246,1018,11089,1004,121616,11013
2023-09-17,381,2376,222,8673,810,7256,678,4559,426,11688,1092,36643,3423,22318,2085,5768,539,11246,1050,11089,1036,121616,11359
2023-09-18,382,2376,218,8673,795,7256,665,4559,418,11688,1072,36643,3360,22318,2047,5768,529,11246,1031,11089,1017,121616,11152
2023-09-19,383,2376,218,8673,795,7256,665,4559,418,11688,1072,36643,3360,22318,2047,5768,529,11246,1031,11089,1017,121616,11152
2023-09-20,384,2376,215,8673,785,7256,657,4559,412,11688,1058,36643,3315,22318,2019,5768,522,11246,1018,11089,1003,121616,11004
2023-09-21,385,2376,214,8673,782,7256,654,4559,411,11688,1054,36643,3303,22318,2012,5768,520,11246,1014,11089,1000,121616,10962
2023-09-22,386,2376,206,8673,751,7256,628,4559,395,11688,1012,36643,3174,22318,1933,5768,500,11246,974,11089,960,121616,10534
2023-09-23,387,2376,205,8673,748,7256,626,4559,393,11688,1008,36643,3161,22318,1925,5768,498,11246,970,11089,956,121616,10490
2023-09-24,388,2376,205,8673,747,7256,625,4559,393,11688,1007,36643,3158,22318,1923,5768,497,11246,969,11089,956,121616,10481
2023-09-25,389,2376,211,8673,770,7256,644,4559,405,11688,1037,36643,3252,22318,1981,5768,512,11246,998,11089,984,121616,10794
2023-09-26,390,2376,195,8673,711,7256,595,4559,374,11688,958,36643,3002,22318,1829,5768,473,11246,921,11089,909,121616,9965
2023-09-27,391,2376,213,8673,776,7256,649,4559,408,11688,1046,36643,3279,22318,1997,5768,516,11246,1006,11089,992,121616,10883
2023-09-28,392,2376,203,8673,742,7256,621,4559,390,11688,1000,36643,3135,22318,1909,5768,493,11246,962,11089,949,121616,10404
2023-09-29,393,2376,194,8673,708,7256,592,4559,372,11688,954,36643,2989,22318,1821,5768,471,11246,917,11089,905,121616,9921
2023-09-30,394,2376,210,8673,767,7256,641,4559,403,11688,1033,36643,3239,22318,1973,5768,510,11246,994,11089,980,121616,10750
2023-10-01,395,2376,206,8673,754,7256,631,4559,396,11688,1016,36643,3184,22318,1939,5768,501,11246,977,11089,964,121616,10568
2023-10-02,396,2376,196,8673,714,7256,597,4559,375,11688,962,36643,3016,22318,1837,5768,475,11246,926,11089,913,121616,10011
2023-10-03,397,2376,203,8673,741,7256,620,4559,390,11688,999,36643,3131,22318,1907,5768,493,11246,961,11089,948,121616,10393
2023-10-04,398,2376,202,8673,736,7256,616,4559,387,11688,992,36643,3109,22318,1893,5768,489,11246,954,11089,941,121616,10318
2023-10-05,399,2376,187,8673,681,7256,570,4559,358,11688,918,36643,2877,22318,1752,5768,453,11246,883,11089,871,121616,9549
2023-10-06,400,2376,201,8673,735,7256,615,4559,386,11688,990,36643,3105,22318,1891,5768,489,11246,953,11089,939,121616,10304
2023-10-07,401,2376,188,8673,686,7256,574,4559,361,11688,925,36643,2899,22318,1766,5768,456,11246,890,11089,877,121616,9622
2023-10-08,402,2376,199,8673,726,7256,608,4559,382,11688,979,36643,3068,22318,1869,5768,483,11246,942,11089,928,121616,10183
2023-10-09,403,2376,203,8673,741,7256,620,4559,389,11688,998,36643,3130,22318,1906,5768,493,11246,961,11089,947,121616,10388
2023-10-10,404,2376,191,8673,697,7256,583,4559,366,11688,939,36643,2945,22318,1794,5768,464,11246,904,11089,891,121616,9775
2023-10-11,405,2376,195,8673,710,7256,594,4559,373,11688,957,36643,3001,22318,1828,5768,472,11246,921,11089,908,121616,9959
2023-10-12,406,2376,198,8673,721,7256,603,4559,379,11688,972,36643,3047,22318,1856,5768,480,11246,935,11089,922,121616,10111
2023-10-13,407,2376,206,8673,752,7256,629,4559,395,11688,1013,36643,3176,22318,1934,5768,500,11246,975,11089,961,121616,10541
2023-10-14,408,2376,182,8673,664,7256,555,4559,349,11688,895,36643,2805,22318,1708,5768,442,11246,861,11089,849,121616,9310
2023-10-15,409,2376,192,8673,699,7256,585,4559,367,11688,942,36643,2954,22318,1799,5768,465,11246,906,11089,894,121616,9803
2023-10-16,410,2376,191,8673,698,7256,584,4559,367,11688,941,36643,2949,22318,1796,5768,464,11246,905,11089,892,121616,9787
2023-10-17,411,2376,190,8673,692,7256,579,4559,364,11688,933,36643,2925,22318,1781,5768,460,11246,898,11089,885,121616,9707
2023-10-18,412,2376,188,8673,686,7256,574,4559,360,11688,924,36643,2897,22318,1765,5768,456,11246,889,11089,877,121616,9616
2023-10-19,413,2376,187,8673,682,7256,570,4559,358,11688,919,36643,2881,22318,1755,5768,453,11246,884,11089,872,121616,9562
2023-10-20,414,2376,191,8673,698,7256,584,4559,367,11688,941,36643,2950,22318,1797,5768,464,11246,905,11089,893,121616,9791
2023-10-21,415,2376,191,8673,695,7256,582,4559,366,11688,937,36643,2938,22318,1790,5768,463,11246,902,11089,889,121616,9752
2023-10-22,416,2376,190,8673,693,7256,580,4559,365,11688,934,36643,2930,22318,1784,5768,461,11246,899,11089,887,121616,9723
2023-10-23,417,2376,195,8673,712,7256,595,4559,374,11688,959,36643,3007,22318,1831,5768,473,11246,923,11089,910,121616,9979
2023-10-24,418,2376,188,8673,687,7256,575,4559,361,11688,926,36643,2903,22318,1768,5768,457,11246,891,11089,878,121616,9634
2023-10-25,419,2376,190,8673,692,7256,579,4559,364,11688,933,36643,2925,22318,1782,5768,460,11246,898,11089,885,121616,9709
2023-10-26,420,2376,193,8673,705,7256,590,4559,371,11688,950,36643,2978,22318,1814,5768,469,11246,914,11089,901,121616,9884
2023-10-27,421,2376,198,8673,722,7256,604,4559,380,11688,973,36643,3052,22318,1859,5768,480,11246,937,11089,923,121616,10128
2023-10-28,422,2376,193,8673,704,7256,589,4559,370,11688,948,36643,2973,22318,1811,5768,468,11246,912,11089,900,121616,9868
2023-10-29,423,2376,171,8673,622,7256,521,4559,327,11688,839,36643,2630,22318,1602,5768,414,11246,807,11089,796,121616,8728
2023-10-30,424,2376,182,8673,666,7256,557,4559,350,11688,898,36643,2814,22318,1714,5768,443,11246,864,11089,852,121616,9341
2023-10-31,425,2376,184,8673,672,7256,562,4559,353,11688,905,36643,2838,22318,1729,5768,447,11246,871,11089,859,121616,9420
2023-11-01,426,2376,189,8673,690,7256,577,4559,363,11688,930,36643,2915,22318,1776,5768,459,11246,895,11089,882,121616,9676
2023-11-02,427,2376,187,8673,683,7256,571,4559,359,11688,920,36643,2884,22318,1757,5768,454,11246,885,11089,873,121616,9573
2023-11-03,428,2376,188,8673,686,7256,574,4559,361,11688,925,36643,2900,22318,1766,5768,456,11246,890,11089,878,121616,9624
2023-11-04,429,2376,184,8673,672,7256,563,4559,353,11688,906,36643,2841,22318,1730,5768,447,11246,872,11089,860,121616,9429
2023-11-05,430,2376,190,8673,693,7256,580,4559,364,11688,934,36643,2930,22318,1784,5768,461,11246,899,11089,887,121616,9723
2023-11-06,431,2376,193,8673,706,7256,591,4559,371,11688,952,36643,2984,22318,1818,5768,470,11246,916,11089,903,121616,9904
2023-11-07,432,2376,194,8673,707,7256,591,4559,372,11688,953,36643,2986,22318,1819,5768,470,11246,917,11089,904,121616,9912
2023-11-08,433,2376,183,8673,667,7256,558,4559,351,11688,899,36643,2817,22318,1716,5768,443,11246,865,11089,853,121616,9351
2023-11-09,434,2376,185,8673,675,7256,564,4559,355,11688,909,36643,2851,22318,1736,5768,449,11246,875,11089,863,121616,9461
2023-11-10,435,2376,186,8673,681,7256,570,4559,358,11688,917,36643,2876,22318,1752,5768,453,11246,883,11089,870,121616,9546
2023-11-11,436,2376,186,8673,679,7256,568,4559,357,11688,915,36643,2868,22318,1747,5768,451,11246,880,11089,868,121616,9518
2023-11-12,437,2376,190,8673,694,7256,581,4559,365,11688,935,36643,2933,22318,1786,5768,462,11246,900,11089,887,121616,9733
2023-11-13,438,2376,192,8673,702,7256,587,4559,369,11688,946,36643,2965,22318,1806,5768,467,11246,910,11089,897,121616,9841
2023-11-14,439,2376,191,8673,698,7256,584,4559,367,11688,941,36643,2951,22318,1797,5768,465,11246,906,11089,893,121616,9794
2023-11-15,440,2376,189,8673,690,7256,577,4559,363,11688,930,36643,2915,22318,1775,5768,459,11246,895,11089,882,121616,9674
2023-11-16,441,2376,184,8673,673,7256,563,4559,354,11688,907,36643,2843,22318,1731,5768,447,11246,872,11089,860,121616,9434
2023-11-17,442,2376,184,8673,672,7256,563,4559,353,11688,906,36643,2841,22318,1730,5768,447,11246,872,11089,860,121616,9429
2023-11-18,443,2376,183,8673,669,7256,560,4559,352,11688,902,36643,2828,22318,1722,5768,445,11246,868,11089,856,121616,9385
2023-11-19,444,2376,188,8673,685,7256,573,4559,360,11688,923,36643,2893,22318,1762,5768,455,11246,888,11089,876,121616,9603
2023-11-20,445,2376,198,8673,722,7256,604,4559,379,11688,973,36643,3050,22318,1857,5768,480,11246,936,11089,923,121616,10122
2023-11-21,446,2376,195,8673,710,7256,594,4559,373,11688,957,36643,3000,22318,1827,5768,472,11246,921,11089,908,121616,9956
2023-11-22,447,2376,193,8673,704,7256,589,4559,370,11688,948,36643,2972,22318,1810,5768,468,11246,912,11089,900,121616,9865
2023-11-23,448,2376,199,8673,725,7256,607,4559,381,11688,977,36643,3064,22318,1866,5768,482,11246,940,11089,927,121616,10169
2023-11-24,449,2376,194,8673,709,7256,593,4559,373,11688,956,36643,2996,22318,1825,5768,472,11246,919,11089,907,121616,9943
2023-11-25,450,2376,197,8673,721,7256,603,4559,379,11688,971,36643,3046,22318,1855,5768,479,11246,935,11089,922,121616,10108
2023-11-26,451,2376,191,8673,698,7256,584,4559,367,11688,941,36643,2949,22318,1796,5768,464,11246,905,11089,892,121616,9788
2023-11-27,452,2376,192,8673,702,7256,587,4559,369,11688,946,36643,2965,22318,1806,5768,467,11246,910,11089,897,121616,9841
2023-11-28,453,2376,195,8673,712,7256,596,4559,374,11688,959,36643,3008,22318,1832,5768,474,11246,923,11089,910,121616,9984
2023-11-29,454,2376,197,8673,720,7256,602,4559,378,11688,970,36643,3041,22318,1852,5768,479,11246,933,11089,920,121616,10093
2023-11-30,455,2376,201,8673,734,7256,614,4559,386,11688,989,36643,3099,22318,1888,5768,488,11246,951,11089,938,121616,10286
2023-12-01,456,2376,202,8673,736,7256,616,4559,387,11688,992,36643,3111,22318,1895,5768,490,11246,955,11089,941,121616,10324
2023-12-02,457,2376,202,8673,737,7256,617,4559,387,11688,993,36643,3114,22318,1897,5768,490,11246,956,11089,942,121616,10336
2023-12-03,458,2376,200,8673,731,7256,611,4559,384,11688,985,36643,3087,22318,1880,5768,486,11246,947,11089,934,121616,10246
2023-12-04,459,2376,203,8673,742,7256,621,4559,390,11688,1000,36643,3137,22318,1910,5768,494,11246,963,11089,949,121616,10410
2023-12-05,460,2376,205,8673,748,7256,626,4559,393,11688,1008,36643,3160,22318,1924,5768,497,11246,970,11089,956,121616,10486
2023-12-06,461,2376,202,8673,736,7256,616,4559,387,11688,992,36643,3109,22318,1894,5768,489,11246,954,11089,941,121616,10319
2023-12-07,462,2376,209,8673,761,7256,637,4559,400,11688,1026,36643,3216,22318,1959,5768,506,11246,987,11089,973,121616,10674
2023-12-08,463,2376,202,8673,738,7256,618,4559,388,11688,995,36643,3119,22318,1900,5768,491,11246,957,11089,944,121616,10351
2023-12-09,464,2376,224,8673,819,7256,685,4559,430,11688,1103,36643,3458,22318,2106,5768,544,11246,1061,11089,1047,121616,11478
2023-12-10,465,2376,214,8673,780,7256,652,4559,410,11688,1051,36643,3294,22318,2006,5768,519,11246,1011,11089,997,121616,10933
2023-12-11,466,2376,213,8673,777,7256,650,4559,409,11688,1047,36643,3283,22318,2000,5768,517,11246,1008,11089,994,121616,10897
2023-12-12,467,2376,208,8673,759,7256,635,4559,399,11688,1023,36643,3209,22318,1954,5768,505,11246,985,11089,971,121616,10649
2023-12-13,468,2376,224,8673,818,7256,684,4559,430,11688,1102,36643,3454,22318,2104,5768,544,11246,1060,11089,1045,121616,11464
2023-12-14,469,2376,215,8673,784,7256,656,4559,412,11688,1056,36643,3311,22318,2017,5768,521,11246,1016,11089,1002,121616,10989
2023-12-15,470,2376,224,8673,818,7256,684,4559,430,11688,1102,36643,3456,22318,2105,5768,544,11246,1061,11089,1046,121616,11472
2023-12-16,471,2376,211,8673,770,7256,644,4559,405,11688,1038,36643,3253,22318,1981,5768,512,11246,998,11089,984,121616,10795
2023-12-17,472,2376,227,8673,829,7256,694,4559,436,11688,1118,36643,3504,22318,2134,5768,552,11246,1076,11089,1061,121616,11631
2023-12-18,473,2376,225,8673,821,7256,687,4559,431,11688,1106,36643,3468,22318,2112,5768,546,11246,1064,11089,1049,121616,11509
2023-12-19,474,2376,220,8673,802,7256,671,4559,421,11688,1080,36643,3387,22318,2063,5768,533,11246,1039,11089,1025,121616,11240
2023-12-20,475,2376,224,8673,816,7256,683,4559,429,11688,1100,36643,3449,22318,2100,5768,543,11246,1058,11089,1044,121616,11446
2023-12-21,476,2376,222,8673,809,7256,677,4559,426,11688,1091,36643,3420,22318,2083,5768,538,11246,1050,11089,1035,121616,11351
2023-12-22,477,2376,222,8673,810,7256,678,4559,426,11688,1092,36643,3422,22318,2085,5768,539,11246,1050,11089,1036,121616,11359
2023-12-23,478,2376,225,8673,822,7256,688,4559,432,11688,1108,36643,3473,22318,2115,5768,547,11246,1066,11089,1051,121616,11527
2023-12-24,479,2376,234,8673,854,7256,714,4559,449,11688,1150,36643,3606,22318,2197,5768,568,11246,1107,11089,1091,121616,11969
2023-12-25,480,2376,229,8673,834,7256,698,4559,439,11688,1125,36643,3526,22318,2147,5768,555,11246,1082,11089,1067,121616,11701
2023-12-26,481,2376,229,8673,837,7256,700,4559,440,11688,1128,36643,3535,22318,2153,5768,556,11246,1085,11089,1070,121616,11732
2023-12-27,482,2376,242,8673,885,7256,740,4559,465,11688,1192,36643,3738,22318,2277,5768,588,11246,1147,11089,1131,121616,12406
2023-12-28,483,2376,221,8673,805,7256,674,4559,423,11688,1085,36643,3401,22318,2072,5768,535,11246,1044,11089,1029,121616,11289
2023-12-29,484,2376,242,8673,885,7256,740,4559,465,11688,1192,36643,3738,22318,2276,5768,588,11246,1147,11089,1131,121616,12405
2023-12-30,485,2376,251,8673,915,7256,765,4559,481,11688,1233,36643,3864,22318,2353,5768,608,11246,1186,11089,1169,121616,12825
2023-12-31,486,2376,235,8673,857,7256,717,4559,450,11688,1155,36643,3619,22318,2205,5768,570,11246,1111,11089,1095,121616,12013
2024-01-01,487,2376,249,8673,908,7256,759,4559,477,11688,1223,36643,3835,22318,2336,5768,604,11246,1177,11089,1161,121616,12729
2024-01-02,488,2376,247,8673,902,7256,755,4559,474,11688,1216,36643,3812,22318,2321,5768,600,11246,1170,11089,1153,121616,12650
2024-01-03,489,2376,251,8673,915,7256,765,4559,481,11688,1232,36643,3864,22318,2353,5768,608,11246,1186,11089,1169,121616,12824
2024-01-04,490,2376,251,8673,917,7256,768,4559,482,11688,1236,36643,3876,22318,2361,5768,610,11246,1190,11089,1173,121616,12864
2024-01-05,491,2376,248,8673,904,7256,756,4559,475,11688,1218,36643,3819,22318,2326,5768,601,11246,1172,11089,1156,121616,12674
2024-01-06,492,2376,238,8673,868,7256,727,4559,456,11688,1170,36643,3669,22318,2235,5768,578,11246,1126,11089,1110,121616,12177
2024-01-07,493,2376,244,8673,891,7256,745,4559,468,11688,1200,36643,3764,22318,2292,5768,592,11246,1155,11089,1139,121616,12491
2024-01-08,494,2376,251,8673,917,7256,767,4559,482,11688,1236,36643,3875,22318,2360,5768,610,11246,1189,11089,1173,121616,12861
2024-01-09,495,2376,247,8673,902,7256,755,4559,474,11688,1216,36643,3812,22318,2322,5768,600,11246,1170,11089,1154,121616,12653
2024-01-10,496,2376,260,8673,949,7256,794,4559,499,11688,1279,36643,4011,22318,2443,5768,631,11246,1231,11089,1214,121616,13311
2024-01-11,497,2376,257,8673,938,7256,785,4559,493,11688,1265,36643,3965,22318,2415,5768,624,11246,1217,11089,1200,121616,13159
2024-01-12,498,2376,261,8673,952,7256,796,4559,500,11688,1282,36643,4021,22318,2449,5768,633,11246,1234,11089,1217,121616,13344
2024-01-13,499,2376,264,8673,962,7256,805,4559,506,11688,1296,36643,4064,22318,2475,5768,640,11246,1247,11089,1230,121616,13488
2024-01-14,500,2376,263,8673,960,7256,803,4559,504,11688,1293,36643,4054,22318,2469,5768,638,11246,1244,11089,1227,121616,13455
2024-01-15,501,2376,273,8673,997,7256,834,4559,524,11688,1344,36643,4214,22318,2566,5768,663,11246,1293,11089,1275,121616,13985
2024-01-16,502,2376,256,8673,935,7256,782,4559,492,11688,1260,36643,3951,22318,2407,5768,622,11246,1213,11089,1196,121616,13114
2024-01-17,503,2376,275,8673,1002,7256,838,4559,527,11688,1351,36643,4234,22318,2579,5768,666,11246,1299,11089,1281,121616,14053
2024-01-18,504,2376,269,8673,984,7256,823,4559,517,11688,1326,36643,4156,22318,2531,5768,654,11246,1275,11089,1258,121616,13793
2024-01-19,505,2376,281,8673,1024,7256,857,4559,538,11688,1380,36643,4327,22318,2636,5768,681,11246,1328,11089,1310,121616,14362
2024-01-20,506,2376,277,8673,1013,7256,847,4559,532,11688,1365,36643,4279,22318,2606,5768,674,11246,1313,11089,1295,121616,14202
2024-01-21,507,2376,288,8673,1051,7256,879,4559,552,11688,1416,36643,4438,22318,2703,5768,699,11246,1362,11089,1343,121616,14731
2024-01-22,508,2376,273,8673,998,7256,835,4559,525,11688,1345,36643,4216,22318,2568,5768,664,11246,1294,11089,1276,121616,13993
2024-01-23,509,2376,287,8673,1047,7256,876,4559,550,11688,1411,36643,4424,22318,2694,5768,696,11246,1358,11089,1339,121616,14681
2024-01-24,510,2376,289,8673,1055,7256,882,4559,554,11688,1421,36643,4456,22318,2714,5768,701,11246,1367,11089,1348,121616,14788
2024-01-25,511,2376,281,8673,1024,7256,857,4559,538,11688,1380,36643,4328,22318,2636,5768,681,11246,1328,11089,1310,121616,14363
2024-01-26,512,2376,292,8673,1065,7256,891,4559,560,11688,1435,36643,4499,22318,2740,5768,708,11246,1381,11089,1361,121616,14932
2024-01-27,513,2376,285,8673,1041,7256,871,4559,547,11688,1403,36643,4399,22318,2679,5768,692,11246,1350,11089,1331,121616,14601
2024-01-28,514,2376,278,8673,1016,7256,850,4559,534,11688,1370,36643,4294,22318,2615,5768,676,11246,1318,11089,1299,121616,14251
2024-01-29,515,2376,285,8673,1041,7256,871,4559,547,11688,1403,36643,4399,22318,2679,5768,692,11246,1350,11089,1331,121616,14599
2024-01-30,516,2376,285,8673,1040,7256,870,4559,547,11688,1401,36643,4393,22318,2676,5768,691,11246,1348,11089,1329,121616,14580
2024-01-31,517,2376,293,8673,1068,7256,893,4559,561,11688,1439,36643,4512,22318,2748,5768,710,11246,1385,11089,1365,121616,14975
2024-02-01,518,2376,291,8673,1063,7256,890,4559,559,11688,1433,36643,4493,22318,2737,5768,707,11246,1379,11089,1360,121616,14912
2024-02-02,519,2376,301,8673,1099,7256,920,4559,578,11688,1481,36643,4644,22318,2829,5768,731,11246,1425,11089,1406,121616,15415
2024-02-03,520,2376,284,8673,1035,7256,866,4559,544,11688,1395,36643,4373,22318,2663,5768,688,11246,1342,11089,1323,121616,14512
2024-02-04,521,2376,296,8673,1081,7256,905,4559,568,11688,1457,36643,4569,22318,2783,5768,719,11246,1402,11089,1383,121616,15164
2024-02-05,522,2376,302,8673,1103,7256,923,4559,580,11688,1486,36643,4659,22318,2838,5768,733,11246,1430,11089,1410,121616,15462
2024-02-06,523,2376,297,8673,1082,7256,906,4559,569,11688,1459,36643,4573,22318,2785,5768,720,11246,1404,11089,1384,121616,15179
2024-02-07,524,2376,308,8673,1125,7256,941,4559,591,11688,1516,36643,4754,22318,2896,5768,748,11246,1459,11089,1439,121616,15778
2024-02-08,525,2376,307,8673,1119,7256,936,4559,588,11688,1508,36643,4729,22318,2880,5768,744,11246,1451,11089,1431,121616,15694
2024-02-09,526,2376,298,8673,1089,7256,911,4559,572,11688,1467,36643,4599,22318,2801,5768,724,11246,1411,11089,1392,121616,15264
2024-02-10,527,2376,309,8673,1128,7256,944,4559,593,11688,1520,36643,4767,22318,2903,5768,750,11246,1463,11089,1442,121616,15820
2024-02-11,528,2376,314,8673,1147,7256,960,4559,603,11688,1546,36643,4848,22318,2953,5768,763,11246,1488,11089,1467,121616,16090
2024-02-12,529,2376,324,8673,1182,7256,989,4559,622,11688,1593,36643,4995,22318,3043,5768,786,11246,1533,11089,1512,121616,16580
2024-02-13,530,2376,308,8673,1123,7256,940,4559,590,11688,1514,36643,4746,22318,2890,5768,747,11246,1456,11089,1436,121616,15750
2024-02-14,531,2376,319,8673,1165,7256,975,4559,613,11688,1570,36643,4923,22318,2999,5768,775,11246,1511,11089,1490,121616,16340
2024-02-15,532,2376,311,8673,1137,7256,951,4559,597,11688,1532,36643,4802,22318,2925,5768,756,11246,1474,11089,1453,121616,15937
2024-02-16,533,2376,325,8673,1185,7256,992,4559,623,11688,1598,36643,5008,22318,3050,5768,788,11246,1537,11089,1516,121616,16623
2024-02-17,534,2376,325,8673,1185,7256,992,4559,623,11688,1597,36643,5008,22318,3050,5768,788,11246,1537,11089,1516,121616,16622
2024-02-18,535,2376,315,8673,1150,7256,962,4559,605,11688,1550,36643,4860,22318,2960,5768,765,11246,1491,11089,1471,121616,16129
2024-02-19,536,2376,334,8673,1221,7256,1022,4559,642,11688,1645,36643,5159,22318,3142,5768,812,11246,1583,11089,1561,121616,17121
2024-02-20,537,2376,327,8673,1193,7256,998,4559,627,11688,1608,36643,5041,22318,3070,5768,793,11246,1547,11089,1525,121616,16730
2024-02-21,538,2376,331,8673,1208,7256,1010,4559,635,11688,1627,36643,5102,22318,3107,5768,803,11246,1566,11089,1544,121616,16932
2024-02-22,539,2376,338,8673,1234,7256,1033,4559,649,11688,1663,36643,5214,22318,3176,5768,821,11246,1600,11089,1578,121616,17306
2024-02-23,540,2376,339,8673,1237,7256,1035,4559,650,11688,1667,36643,5227,22318,3184,5768,823,11246,1604,11089,1582,121616,17348
2024-02-24,541,2376,331,8673,1209,7256,1012,4559,636,11688,1630,36643,5109,22318,3112,5768,804,11246,1568,11089,1546,121616,16956
2024-02-25,542,2376,330,8673,1205,7256,1008,4559,633,11688,1624,36643,5090,22318,3100,5768,801,11246,1562,11089,1540,121616,16893
2024-02-26,543,2376,332,8673,1211,7256,1013,4559,637,11688,1632,36643,5117,22318,3117,5768,806,11246,1571,11089,1549,121616,16984
2024-02-27,544,2376,342,8673,1249,7256,1045,4559,657,11688,1684,36643,5279,22318,3215,5768,831,11246,1620,11089,1597,121616,17520
2024-02-28,545,2376,339,8673,1237,7256,1035,4559,650,11688,1667,36643,5226,22318,3183,5768,823,11246,1604,11089,1582,121616,17346
2024-02-29,546,2376,323,8673,1179,7256,986,4559,620,11688,1588,36643,4979,22318,3033,5768,784,11246,1528,11089,1507,121616,16527
2024-03-01,547,2376,347,8673,1266,7256,1059,4559,665,11688,1706,36643,5348,22318,3258,5768,842,11246,1641,11089,1619,121616,17751
2024-03-02,548,2376,338,8673,1234,7256,1033,4559,649,11688,1663,36643,5215,22318,3176,5768,821,11246,1600,11089,1578,121616,17307
2024-03-03,549,2376,342,8673,1249,7256,1045,4559,657,11688,1683,36643,5277,22318,3214,5768,831,11246,1620,11089,1597,121616,17514
2024-03-04,550,2376,356,8673,1300,7256,1088,4559,683,11688,1752,36643,5492,22318,3345,5768,865,11246,1686,11089,1662,121616,18228
2024-03-05,551,2376,344,8673,1256,7256,1050,4559,660,11688,1692,36643,5305,22318,3231,5768,835,11246,1628,11089,1605,121616,17606
2024-03-06,552,2376,351,8673,1280,7256,1071,4559,673,11688,1725,36643,5409,22318,3294,5768,851,11246,1660,11089,1637,121616,17952
2024-03-07,553,2376,342,8673,1247,7256,1043,4559,655,11688,1680,36643,5267,22318,3208,5768,829,11246,1617,11089,1594,121616,17482
2024-03-08,554,2376,354,8673,1292,7256,1081,4559,679,11688,1741,36643,5457,22318,3324,5768,859,11246,1675,11089,1651,121616,18111
2024-03-09,555,2376,358,8673,1306,7256,1093,4559,687,11688,1760,36643,5519,22318,3361,5768,869,11246,1694,11089,1670,121616,18316
2024-03-10,556,2376,348,8673,1269,7256,1062,4559,667,11688,1710,36643,5361,22318,3265,5768,844,11246,1645,11089,1622,121616,17794
2024-03-11,557,2376,360,8673,1312,7256,1098,4559,690,11688,1769,36643,5545,22318,3377,5768,873,11246,1702,11089,1678,121616,18402
2024-03-12,558,2376,351,8673,1280,7256,1071,4559,673,11688,1726,36643,5410,22318,3295,5768,852,11246,1660,11089,1637,121616,17955
2024-03-13,559,2376,354,8673,1291,7256,1080,4559,678,11688,1739,36643,5453,22318,3321,5768,858,11246,1674,11089,1650,121616,18099
2024-03-14,560,2376,364,8673,1328,7256,1111,4559,698,11688,1790,36643,5611,22318,3417,5768,883,11246,1722,11089,1698,121616,18621
2024-03-15,561,2376,359,8673,1309,7256,1095,4559,688,11688,1764,36643,5532,22318,3369,5768,871,11246,1698,11089,1674,121616,18359
2024-03-16,562,2376,357,8673,1303,7256,1090,4559,685,11688,1755,36643,5503,22318,3352,5768,866,11246,1689,11089,1665,121616,18265
2024-03-17,563,2376,357,8673,1303,7256,1090,4559,685,11688,1755,36643,5504,22318,3352,5768,866,11246,1689,11089,1666,121616,18266
2024-03-18,564,2376,366,8673,1338,7256,1119,4559,703,11688,1803,36643,5652,22318,3442,5768,890,11246,1735,11089,1710,121616,18759
2024-03-19,565,2376,376,8673,1373,7256,1149,4559,722,11688,1851,36643,5802,22318,3534,5768,913,11246,1781,11089,1756,121616,19255
2024-03-20,566,2376,355,8673,1297,7256,1085,4559,682,11688,1748,36643,5480,22318,3338,5768,863,11246,1682,11089,1658,121616,18187
2024-03-21,567,2376,364,8673,1330,7256,1113,4559,699,11688,1793,36643,5621,22318,3423,5768,885,11246,1725,11089,1701,121616,18655
2024-03-22,568,2376,367,8673,1338,7256,1120,4559,704,11688,1804,36643,5655,22318,3444,5768,890,11246,1735,11089,1711,121616,18767
2024-03-23,569,2376,368,8673,1343,7256,1123,4559,706,11688,1810,36643,5674,22318,3456,5768,893,11246,1741,11089,1717,121616,18830
2024-03-24,570,2376,373,8673,1363,7256,1140,4559,716,11688,1837,36643,5758,22318,3507,5768,906,11246,1767,11089,1743,121616,19111
2024-03-25,571,2376,369,8673,1347,7256,1127,4559,708,11688,1815,36643,5689,22318,3465,5768,896,11246,1746,11089,1722,121616,18882
2024-03-26,572,2376,383,8673,1398,7256,1170,4559,735,11688,1885,36643,5909,22318,3599,5768,930,11246,1813,11089,1788,121616,19610
2024-03-27,573,2376,369,8673,1346,7256,1126,4559,708,11688,1814,36643,5687,22318,3464,5768,895,11246,1745,11089,1721,121616,18876
2024-03-28,574,2376,376,8673,1374,7256,1150,4559,722,11688,1852,36643,5806,22318,3536,5768,914,11246,1782,11089,1757,121616,19271
2024-03-29,575,2376,373,8673,1363,7256,1140,4559,716,11688,1837,36643,5759,22318,3507,5768,906,11246,1767,11089,1743,121616,19112
2024-03-30,576,2376,376,8673,1374,7256,1149,4559,722,11688,1851,36643,5804,22318,3535,5768,914,11246,1781,11089,1756,121616,19262
2024-03-31,577,2376,374,8673,1365,7256,1142,4559,717,11688,1839,36643,5767,22318,3512,5768,908,11246,1770,11089,1745,121616,19140
2024-04-01,578,2376,374,8673,1364,7256,1141,4559,717,11688,1838,36643,5763,22318,3510,5768,907,11246,1769,11089,1744,121616,19126
2024-04-02,579,2376,387,8673,1414,7256,1183,4559,743,11688,1905,36643,5973,22318,3638,5768,940,11246,1833,11089,1808,121616,19823
2024-04-03,580,2376,386,8673,1409,7256,1179,4559,741,11688,1898,36643,5952,22318,3625,5768,937,11246,1827,11089,1801,121616,19754
2024-04-04,581,2376,380,8673,1388,7256,1161,4559,729,11688,1870,36643,5863,22318,3571,5768,923,11246,1799,11089,1774,121616,19458
2024-04-05,582,2376,378,8673,1381,7256,1156,4559,726,11688,1861,36643,5836,22318,3554,5768,919,11246,1791,11089,1766,121616,19369
2024-04-06,583,2376,379,8673,1384,7256,1157,4559,727,11688,1864,36643,5845,22318,3560,5768,920,11246,1794,11089,1769,121616,19400
2024-04-07,584,2376,391,8673,1428,7256,1194,4559,750,11688,1924,36643,6032,22318,3674,5768,950,11246,1851,11089,1825,121616,20020
2024-04-08,585,2376,379,8673,1384,7256,1158,4559,728,11688,1865,36643,5848,22318,3562,5768,921,11246,1795,11089,1770,121616,19411
2024-04-09,586,2376,378,8673,1380,7256,1155,4559,725,11688,1860,36643,5831,22318,3551,5768,918,11246,1790,11089,1765,121616,19352
2024-04-10,587,2376,380,8673,1386,7256,1160,4559,729,11688,1868,36643,5856,22318,3567,5768,922,11246,1797,11089,1772,121616,19437
2024-04-11,588,2376,383,8673,1399,7256,1171,4559,735,11688,1886,36643,5912,22318,3601,5768,931,11246,1814,11089,1789,121616,19620
2024-04-12,589,2376,396,8673,1445,7256,1209,4559,760,11688,1948,36643,6107,22318,3719,5768,961,11246,1874,11089,1848,121616,20268
2024-04-13,590,2376,378,8673,1378,7256,1153,4559,724,11688,1857,36643,5823,22318,3546,5768,917,11246,1787,11089,1762,121616,19325
2024-04-14,591,2376,378,8673,1381,7256,1155,4559,726,11688,1861,36643,5834,22318,3553,5768,918,11246,1791,11089,1766,121616,19363
2024-04-15,592,2376,390,8673,1422,7256,1190,4559,747,11688,1916,36643,6007,22318,3659,5768,946,11246,1844,11089,1818,121616,19938
2024-04-16,593,2376,391,8673,1427,7256,1194,4559,750,11688,1924,36643,6030,22318,3673,5768,949,11246,1851,11089,1825,121616,20015
2024-04-17,594,2376,381,8673,1391,7256,1164,4559,731,11688,1875,36643,5878,22318,3580,5768,925,11246,1804,11089,1779,121616,19510
2024-04-18,595,2376,385,8673,1404,7256,1175,4559,738,11688,1892,36643,5932,22318,3613,5768,934,11246,1820,11089,1795,121616,19686
2024-04-19,596,2376,384,8673,1400,7256,1171,4559,736,11688,1887,36643,5915,22318,3603,5768,931,11246,1815,11089,1790,121616,19633
2024-04-20,597,2376,378,8673,1379,7256,1154,4559,725,11688,1858,36643,5826,22318,3548,5768,917,11246,1788,11089,1763,121616,19335
2024-04-21,598,2376,372,8673,1359,7256,1137,4559,714,11688,1831,36643,5742,22318,3497,5768,904,11246,1762,11089,1738,121616,19057
2024-04-22,599,2376,388,8673,1416,7256,1185,4559,744,11688,1909,36643,5984,22318,3644,5768,942,11246,1836,11089,1811,121616,19859
2024-04-23,600,2376,385,8673,1405,7256,1175,4559,739,11688,1893,36643,5936,22318,3615,5768,934,11246,1822,11089,1796,121616,19702
2024-04-24,601,2376,396,8673,1446,7256,1209,4559,760,11688,1948,36643,6107,22318,3720,5768,961,11246,1874,11089,1848,121616,20269
2024-04-25,602,2376,378,8673,1379,7256,1154,4559,725,11688,1858,36643,5825,22318,3548,5768,917,11246,1788,11089,1763,121616,19334
2024-04-26,603,2376,386,8673,1409,7256,1178,4559,740,11688,1898,36643,5951,22318,3625,5768,937,11246,1826,11089,1801,121616,19751
2024-04-27,604,2376,384,8673,1402,7256,1173,4559,737,11688,1889,36643,5922,22318,3607,5768,932,11246,1817,11089,1792,121616,19654
2024-04-28,605,2376,388,8673,1415,7256,1184,4559,744,11688,1907,36643,5979,22318,3642,5768,941,11246,1835,11089,1810,121616,19845
2024-04-29,606,2376,385,8673,1405,7256,1176,4559,739,11688,1894,36643,5937,22318,3616,5768,935,11246,1822,11089,1797,121616,19704
2024-04-30,607,2376,381,8673,1390,7256,1163,4559,731,11688,1873,36643,5873,22318,3577,5768,925,11246,1803,11089,1777,121616,19494
2024-05-01,608,2376,383,8673,1398,7256,1170,4559,735,11688,1885,36643,5908,22318,3599,5768,930,11246,1813,11089,1788,121616,19609
2024-05-02,609,2376,375,8673,1368,7256,1145,4559,719,11688,1844,36643,5781,22318,3521,5768,910,11246,1774,11089,1750,121616,19188
2024-05-03,610,2376,382,8673,1393,7256,1165,4559,732,11688,1877,36643,5886,22318,3585,5768,926,11246,1806,11089,1781,121616,19534
2024-05-04,611,2376,381,8673,1390,7256,1163,4559,731,11688,1873,36643,5872,22318,3576,5768,924,11246,1802,11089,1777,121616,19487
2024-05-05,612,2376,389,8673,1420,7256,1188,4559,747,11688,1914,36643,6001,22318,3655,5768,945,11246,1842,11089,1816,121616,19919
2024-05-06,613,2376,392,8673,1430,7256,1196,4559,751,11688,1927,36643,6040,22318,3679,5768,951,11246,1854,11089,1828,121616,20046
2024-05-07,614,2376,381,8673,1391,7256,1164,4559,731,11688,1875,36643,5878,22318,3580,5768,925,11246,1804,11089,1779,121616,19510
2024-05-08,615,2376,380,8673,1388,7256,1161,4559,730,11688,1870,36643,5863,22318,3571,5768,923,11246,1800,11089,1774,121616,19460
2024-05-09,616,2376,377,8673,1374,7256,1150,4559,722,11688,1852,36643,5807,22318,3537,5768,914,11246,1782,11089,1757,121616,19273
2024-05-10,617,2376,377,8673,1378,7256,1153,4559,724,11688,1857,36643,5821,22318,3545,5768,916,11246,1786,11089,1761,121616,19319
2024-05-11,618,2376,378,8673,1381,7256,1156,4559,726,11688,1861,36643,5836,22318,3554,5768,919,11246,1791,11089,1766,121616,19369
2024-05-12,619,2376,385,8673,1405,7256,1176,4559,739,11688,1894,36643,5938,22318,3617,5768,935,11246,1822,11089,1797,121616,19708
2024-05-13,620,2376,380,8673,1389,7256,1162,4559,730,11688,1871,36643,5867,22318,3573,5768,924,11246,1801,11089,1776,121616,19473
2024-05-14,621,2376,377,8673,1378,7256,1153,4559,724,11688,1857,36643,5821,22318,3545,5768,916,11246,1787,11089,1762,121616,19320
2024-05-15,622,2376,378,8673,1380,7256,1154,4559,725,11688,1860,36643,5830,22318,3551,5768,918,11246,1789,11089,1764,121616,19349
2024-05-16,623,2376,381,8673,1392,7256,1165,4559,732,11688,1876,36643,5882,22318,3583,5768,926,11246,1805,11089,1780,121616,19523
2024-05-17,624,2376,372,8673,1358,7256,1136,4559,714,11688,1831,36643,5739,22318,3495,5768,903,11246,1761,11089,1737,121616,19047
2024-05-18,625,2376,381,8673,1391,7256,1164,4559,731,11688,1875,36643,5877,22318,3580,5768,925,11246,1804,11089,1779,121616,19507
2024-05-19,626,2376,372,8673,1357,7256,1135,4559,713,11688,1828,36643,5731,22318,3491,5768,902,11246,1759,11089,1734,121616,19021
2024-05-20,627,2376,364,8673,1329,7256,1112,4559,699,11688,1791,36643,5616,22318,3421,5768,884,11246,1724,11089,1700,121616,18639
2024-05-21,628,2376,371,8673,1353,7256,1132,4559,711,11688,1823,36643,5717,22318,3482,5768,900,11246,1754,11089,1730,121616,18973
2024-05-22,629,2376,365,8673,1334,7256,1116,4559,701,11688,1797,36643,5635,22318,3432,5768,887,11246,1729,11089,1705,121616,18703
2024-05-23,630,2376,372,8673,1358,7256,1136,4559,714,11688,1830,36643,5739,22318,3495,5768,903,11246,1761,11089,1737,121616,19046
2024-05-24,631,2376,358,8673,1307,7256,1093,4559,687,11688,1761,36643,5520,22318,3362,5768,869,11246,1694,11089,1671,121616,18321
2024-05-25,632,2376,363,8673,1324,7256,1108,4559,696,11688,1784,36643,5594,22318,3407,5768,881,11246,1717,11089,1693,121616,18567
2024-05-26,633,2376,362,8673,1320,7256,1105,4559,694,11688,1780,36643,5579,22318,3398,5768,878,11246,1712,11089,1688,121616,18516
2024-05-27,634,2376,364,8673,1327,7256,1110,4559,698,11688,1789,36643,5607,22318,3415,5768,883,11246,1721,11089,1697,121616,18611
2024-05-28,635,2376,355,8673,1296,7256,1084,4559,681,11688,1746,36643,5475,22318,3334,5768,862,11246,1680,11089,1657,121616,18170
2024-05-29,636,2376,358,8673,1306,7256,1093,4559,687,11688,1760,36643,5518,22318,3361,5768,869,11246,1693,11089,1670,121616,18313
2024-05-30,637,2376,357,8673,1303,7256,1090,4559,685,11688,1756,36643,5505,22318,3353,5768,867,11246,1690,11089,1666,121616,18271
2024-05-31,638,2376,366,8673,1337,7256,1119,4559,703,11688,1802,36643,5651,22318,3442,5768,889,11246,1734,11089,1710,121616,18754
2024-06-01,639,2376,357,8673,1304,7256,1091,4559,685,11688,1757,36643,5509,22318,3355,5768,867,11246,1691,11089,1667,121616,18283
2024-06-02,640,2376,365,8673,1331,7256,1114,4559,700,11688,1794,36643,5624,22318,3425,5768,885,11246,1726,11089,1702,121616,18665
2024-06-03,641,2376,350,8673,1276,7256,1068,4559,671,11688,1720,36643,5392,22318,3284,5768,849,11246,1655,11089,1632,121616,17897
2024-06-04,642,2376,353,8673,1288,7256,1078,4559,677,11688,1736,36643,5444,22318,3315,5768,857,11246,1671,11089,1647,121616,18067
2024-06-05,643,2376,348,8673,1269,7256,1062,4559,667,11688,1710,36643,5361,22318,3265,5768,844,11246,1645,11089,1622,121616,17793
2024-06-06,644,2376,348,8673,1269,7256,1061,4559,667,11688,1710,36643,5360,22318,3265,5768,844,11246,1645,11089,1622,121616,17790
2024-06-07,645,2376,334,8673,1219,7256,1020,4559,641,11688,1643,36643,5151,22318,3137,5768,811,11246,1581,11089,1559,121616,17096
2024-06-08,646,2376,355,8673,1296,7256,1084,4559,681,11688,1746,36643,5474,22318,3334,5768,862,11246,1680,11089,1657,121616,18168
2024-06-09,647,2376,343,8673,1252,7256,1047,4559,658,11688,1687,36643,5289,22318,3221,5768,833,11246,1623,11089,1601,121616,17554
2024-06-10,648,2376,342,8673,1250,7256,1045,4559,657,11688,1684,36643,5280,22318,3216,5768,831,11246,1620,11089,1598,121616,17523
2024-06-11,649,2376,343,8673,1252,7256,1047,4559,658,11688,1687,36643,5290,22318,3222,5768,833,11246,1623,11089,1601,121616,17556
2024-06-12,650,2376,348,8673,1271,7256,1063,4559,668,11688,1713,36643,5369,22318,3270,5768,845,11246,1648,11089,1625,121616,17819
2024-06-13,651,2376,342,8673,1248,7256,1044,4559,656,11688,1681,36643,5272,22318,3211,5768,830,11246,1618,11089,1595,121616,17496
2024-06-14,652,2376,332,8673,1212,7256,1014,4559,637,11688,1634,36643,5123,22318,3120,5768,806,11246,1572,11089,1550,121616,17001
2024-06-15,653,2376,332,8673,1212,7256,1014,4559,637,11688,1634,36643,5122,22318,3120,5768,806,11246,1572,11089,1550,121616,17001
2024-06-16,654,2376,330,8673,1203,7256,1006,4559,632,11688,1621,36643,5083,22318,3096,5768,800,11246,1560,11089,1538,121616,16869
2024-06-17,655,2376,335,8673,1221,7256,1022,4559,642,11688,1646,36643,5159,22318,3142,5768,812,11246,1583,11089,1561,121616,17123
2024-06-18,656,2376,332,8673,1210,7256,1012,4559,636,11688,1631,36643,5113,22318,3114,5768,805,11246,1569,11089,1547,121616,16968
2024-06-19,657,2376,333,8673,1217,7256,1018,4559,640,11688,1640,36643,5142,22318,3132,5768,809,11246,1578,11089,1556,121616,17064
2024-06-20,658,2376,319,8673,1166,7256,975,4559,613,11688,1571,36643,4926,22318,3000,5768,775,11246,1512,11089,1491,121616,16350
2024-06-21,659,2376,336,8673,1227,7256,1027,4559,645,11688,1654,36643,5185,22318,3158,5768,816,11246,1591,11089,1569,121616,17208
2024-06-22,660,2376,329,8673,1200,7256,1004,4559,631,11688,1617,36643,5068,22318,3087,5768,798,11246,1555,11089,1534,121616,16821
2024-06-23,661,2376,330,8673,1206,7256,1009,4559,634,11688,1625,36643,5096,22318,3104,5768,802,11246,1564,11089,1542,121616,16913
2024-06-24,662,2376,319,8673,1165,7256,975,4559,613,11688,1570,36643,4923,22318,2998,5768,775,11246,1511,11089,1490,121616,16339
2024-06-25,663,2376,309,8673,1128,7256,943,4559,593,11688,1520,36643,4765,22318,2902,5768,750,11246,1462,11089,1442,121616,15813
2024-06-26,664,2376,322,8673,1176,7256,984,4559,618,11688,1585,36643,4969,22318,3027,5768,782,11246,1525,11089,1504,121616,16492
2024-06-27,665,2376,320,8673,1167,7256,976,4559,613,11688,1572,36643,4929,22318,3002,5768,776,11246,1513,11089,1492,121616,16359
2024-06-28,666,2376,316,8673,1152,7256,964,4559,606,11688,1553,36643,4867,22318,2965,5768,766,11246,1494,11089,1473,121616,16155
2024-06-29,667,2376,311,8673,1135,7256,950,4559,597,11688,1530,36643,4796,22318,2921,5768,755,11246,1472,11089,1452,121616,15919
2024-06-30,668,2376,299,8673,1091,7256,912,4559,573,11688,1470,36643,4607,22318,2806,5768,725,11246,1414,11089,1394,121616,15292
2024-07-01,669,2376,302,8673,1104,7256,923,4559,580,11688,1487,36643,4663,22318,2840,5768,734,11246,1431,11089,1411,121616,15476
2024-07-02,670,2376,297,8673,1084,7256,907,4559,570,11688,1460,36643,4578,22318,2789,5768,721,11246,1405,11089,1386,121616,15195
2024-07-03,671,2376,306,8673,1118,7256,936,4559,588,11688,1507,36643,4725,22318,2878,5768,744,11246,1450,11089,1430,121616,15681
2024-07-04,672,2376,293,8673,1071,7256,896,4559,563,11688,1443,36643,4524,22318,2756,5768,712,11246,1389,11089,1369,121616,15016
2024-07-05,673,2376,297,8673,1086,7256,908,4559,571,11688,1463,36643,4587,22318,2794,5768,722,11246,1408,11089,1388,121616,15223
2024-07-06,674,2376,297,8673,1085,7256,908,4559,570,11688,1462,36643,4584,22318,2792,5768,722,11246,1407,11089,1387,121616,15214
2024-07-07,675,2376,289,8673,1056,7256,884,4559,555,11688,1424,36643,4463,22318,2718,5768,703,11246,1370,11089,1351,121616,14814
2024-07-08,676,2376,299,8673,1093,7256,914,4559,575,11688,1473,36643,4618,22318,2813,5768,727,11246,1417,11089,1398,121616,15327
2024-07-09,677,2376,288,8673,1053,7256,881,4559,554,11688,1419,36643,4449,22318,2710,5768,700,11246,1365,11089,1346,121616,14766
2024-07-10,678,2376,285,8673,1040,7256,870,4559,546,11688,1401,36643,4392,22318,2675,5768,691,11246,1348,11089,1329,121616,14578
2024-07-11,679,2376,277,8673,1011,7256,846,4559,531,11688,1363,36643,4272,22318,2602,5768,672,11246,1311,11089,1293,121616,14177
2024-07-12,680,2376,287,8673,1048,7256,877,4559,551,11688,1412,36643,4427,22318,2696,5768,697,11246,1359,11089,1340,121616,14692
2024-07-13,681,2376,277,8673,1012,7256,847,4559,532,11688,1364,36643,4276,22318,2605,5768,673,11246,1312,11089,1294,121616,14193
2024-07-14,682,2376,276,8673,1009,7256,844,4559,530,11688,1360,36643,4263,22318,2596,5768,671,11246,1308,11089,1290,121616,14147
2024-07-15,683,2376,274,8673,998,7256,835,4559,525,11688,1345,36643,4218,22318,2569,5768,664,11246,1295,11089,1277,121616,14000
2024-07-16,684,2376,276,8673,1006,7256,842,4559,529,11688,1356,36643,4250,22318,2589,5768,669,11246,1304,11089,1286,121616,14106
2024-07-17,685,2376,273,8673,996,7256,833,4559,523,11688,1342,36643,4207,22318,2562,5768,662,11246,1291,11089,1273,121616,13963
2024-07-18,686,2376,271,8673,989,7256,828,4559,520,11688,1333,36643,4180,22318,2546,5768,658,11246,1283,11089,1265,121616,13874
2024-07-19,687,2376,269,8673,982,7256,822,4559,516,11688,1323,36643,4149,22318,2527,5768,653,11246,1273,11089,1255,121616,13769
2024-07-20,688,2376,270,8673,985,7256,824,4559,518,11688,1327,36643,4160,22318,2534,5768,655,11246,1277,11089,1259,121616,13807
2024-07-21,689,2376,259,8673,946,7256,791,4559,497,11688,1274,36643,3996,22318,2434,5768,629,11246,1226,11089,1209,121616,13261
2024-07-22,690,2376,260,8673,950,7256,795,4559,499,11688,1280,36643,4014,22318,2445,5768,632,11246,1232,11089,1215,121616,13321
2024-07-23,691,2376,271,8673,988,7256,827,4559,520,11688,1332,36643,4176,22318,2543,5768,657,11246,1282,11089,1264,121616,13859
2024-07-24,692,2376,240,8673,878,7256,734,4559,461,11688,1183,36643,3708,22318,2258,5768,584,11246,1138,11089,1122,121616,12306
2024-07-25,693,2376,246,8673,899,7256,752,4559,472,11688,1211,36643,3796,22318,2312,5768,598,11246,1165,11089,1149,121616,12599
2024-07-26,694,2376,247,8673,900,7256,753,4559,473,11688,1213,36643,3804,22318,2317,5768,599,11246,1167,11089,1151,121616,12625
2024-07-27,695,2376,250,8673,912,7256,763,4559,479,11688,1229,36643,3853,22318,2347,5768,606,11246,1182,11089,1166,121616,12787
2024-07-28,696,2376,238,8673,869,7256,727,4559,457,11688,1171,36643,3671,22318,2236,5768,578,11246,1127,11089,1111,121616,12182
2024-07-29,697,2376,238,8673,870,7256,728,4559,457,11688,1172,36643,3675,22318,2238,5768,578,11246,1128,11089,1112,121616,12197
2024-07-30,698,2376,243,8673,888,7256,743,4559,467,11688,1196,36643,3751,22318,2284,5768,590,11246,1151,11089,1135,121616,12448
2024-07-31,699,2376,247,8673,901,7256,754,4559,474,11688,1214,36643,3807,22318,2319,5768,599,11246,1169,11089,1152,121616,12636
2024-08-01,700,2376,230,8673,840,7256,702,4559,441,11688,1132,36643,3548,22318,2161,5768,558,11246,1089,11089,1074,121616,11774
2024-08-02,701,2376,234,8673,853,7256,714,4559,448,11688,1150,36643,3604,22318,2195,5768,567,11246,1106,11089,1091,121616,11961
2024-08-03,702,2376,235,8673,859,7256,719,4559,452,11688,1158,36643,3631,22318,2212,5768,572,11246,1114,11089,1099,121616,12052
2024-08-04,703,2376,240,8673,875,7256,732,4559,460,11688,1179,36643,3697,22318,2252,5768,582,11246,1135,11089,1119,121616,12271
2024-08-05,704,2376,234,8673,852,7256,713,4559,448,11688,1149,36643,3601,22318,2193,5768,567,11246,1105,11089,1090,121616,11952
2024-08-06,705,2376,223,8673,814,7256,681,4559,428,11688,1097,36643,3439,22318,2095,5768,541,11246,1056,11089,1041,121616,11415
2024-08-07,706,2376,228,8673,830,7256,695,4559,437,11688,1119,36643,3509,22318,2137,5768,552,11246,1077,11089,1062,121616,11645
2024-08-08,707,2376,229,8673,835,7256,699,4559,439,11688,1125,36643,3528,22318,2149,5768,555,11246,1083,11089,1068,121616,11711
2024-08-09,708,2376,218,8673,797,7256,667,4559,419,11688,1074,36643,3368,22318,2052,5768,530,11246,1034,11089,1019,121616,11179
2024-08-10,709,2376,220,8673,805,7256,673,4559,423,11688,1084,36643,3399,22318,2070,5768,535,11246,1043,11089,1029,121616,11282
2024-08-11,710,2376,210,8673,767,7256,642,4559,403,11688,1034,36643,3240,22318,1974,5768,510,11246,994,11089,981,121616,10754
2024-08-12,711,2376,219,8673,798,7256,668,4559,419,11688,1075,36643,3372,22318,2054,5768,531,11246,1035,11089,1020,121616,11190
2024-08-13,712,2376,201,8673,734,7256,614,4559,386,11688,989,36643,3100,22318,1888,5768,488,11246,951,11089,938,121616,10287
2024-08-14,713,2376,207,8673,757,7256,633,4559,398,11688,1020,36643,3199,22318,1948,5768,504,11246,982,11089,968,121616,10616
2024-08-15,714,2376,200,8673,731,7256,611,4559,384,11688,985,36643,3088,22318,1881,5768,486,11246,948,11089,935,121616,10249
2024-08-16,715,2376,213,8673,776,7256,650,4559,408,11688,1046,36643,3280,22318,1998,5768,516,11246,1007,11089,993,121616,10888
2024-08-17,716,2376,202,8673,739,7256,618,4559,388,11688,995,36643,3120,22318,1901,5768,491,11246,958,11089,944,121616,10356
2024-08-18,717,2376,204,8673,744,7256,622,4559,391,11688,1002,36643,3143,22318,1914,5768,495,11246,965,11089,951,121616,10430
2024-08-19,718,2376,199,8673,725,7256,606,4559,381,11688,977,36643,3062,22318,1865,5768,482,11246,940,11089,927,121616,10164
2024-08-20,719,2376,198,8673,722,7256,604,4559,379,11688,973,36643,3050,22318,1857,5768,480,11246,936,11089,923,121616,10122
2024-08-21,720,2376,192,8673,700,7256,586,4559,368,11688,944,36643,2959,22318,1802,5768,466,11246,908,11089,895,121616,9820
2024-08-22,721,2376,193,8673,705,7256,590,4559,371,11688,951,36643,2980,22318,1815,5768,469,11246,915,11089,902,121616,9890
2024-08-23,722,2376,198,8673,722,7256,604,4559,380,11688,973,36643,3051,22318,1858,5768,480,11246,936,11089,923,121616,10125
2024-08-24,723,2376,178,8673,648,7256,543,4559,341,11688,874,36643,2740,22318,1669,5768,431,11246,841,11089,829,121616,9093
2024-08-25,724,2376,182,8673,664,7256,555,4559,349,11688,895,36643,2805,22318,1708,5768,442,11246,861,11089,849,121616,9309
2024-08-26,725,2376,188,8673,685,7256,573,4559,360,11688,924,36643,2896,22318,1764,5768,456,11246,889,11089,876,121616,9611
2024-08-27,726,2376,175,8673,639,7256,535,4559,336,11688,861,36643,2700,22318,1645,5768,425,11246,829,11089,817,121616,8961
2024-08-28,727,2376,167,8673,610,7256,510,4559,321,11688,822,36643,2577,22318,1569,5768,406,11246,791,11089,780,121616,8552
2024-08-29,728,2376,181,8673,661,7256,553,4559,348,11688,891,36643,2793,22318,1701,5768,440,11246,857,11089,845,121616,9271
2024-08-30,729,2376,163,8673,595,7256,498,4559,313,11688,801,36643,2513,22318,1530,5768,396,11246,771,11089,760,121616,8339
2024-08-31,730,2376,169,8673,617,7256,516,4559,324,11688,832,36643,2607,22318,1588,5768,410,11246,800,11089,789,121616,8653
